CHROM	POS	TYPE	REF	ALT	JT12_CSFP210017632_merged_1.fq.AD	JT12_CSFP210017632_merged_1.fq.AF
chr1	10687	INDEL	C	CT	0,13	0.791
chr1	12148	SNP	T	C	152,5	0.035
chr1	15546	SNP	A	G	0,113	0.996
chr1	24968	SNP	G	A	132,4	0.055
chr1	90978	INDEL	C	CAAA	0,10	0.697
chr1	93918	SNP	G	A	136,4	0.055
chr1	116811	SNP	C	A	126,4	0.042
chr1	130723	SNP	T	A	0,70	0.998
chr1	164247	SNP	T	C	136,4	0.049
chr1	180145	SNP	C	T	155,4	0.033
chr1	192762	SNP	A	T	0,4	1.000
chr1	194173	INDEL	A	ATT	0,2	0.832
chr1	194943	INDEL	C	CTT	0,24	0.944
chr1	199721	SNP	A	G	247,4	0.024
chr1	202562	SNP	A	T	0,11	1.000
chr1	211307	SNP	T	C	15,18	0.540
chr2	29969	SNP	T	C	0,18	0.999
chr2	45019	INDEL	CTTT	C,CTTTT	125,2,6	0.046,0.092
chr2	50139	SNP	C	A	133,4	0.049
chr2	115375	INDEL	G	GA	27,16	0.403
chr2	137597	INDEL	TA	T	9,8	0.480
chr2	144064	SNP	G	A	140,4	0.035
chr2	174652	INDEL	ATT	A,AT,ATTT	56,4,5,12	0.063,0.088,0.177
chr2	206959	INDEL	G	GT	50,17	0.289
chr2	211507	SNP	C	T	168,5	0.046
chr2	258189	SNP	A	G	143,4	0.049
chr2	283118	SNP	C	A	102,4	0.064
chr2	296055	INDEL	AT	A	31,15	0.384
chr2	392420	SNP	C	T	104,4	0.046
chr2	452364	INDEL	CTT	C,CT,CTTT	51,4,11,6	0.089,0.172,0.112
chr2	486613	INDEL	CTTT	C,CTT,CTTTT	90,2,4,11	0.039,0.064,0.133
chr2	488473	INDEL	GAAAA	G,GAA,GAAA	36,2,4,6	0.085,0.134,0.169
chr2	490591	SNP	G	T	130,4	0.050
chr2	495059	INDEL	CAA	C,CA	30,5,12	0.160,0.295
chr2	516101	SNP	C	A	91,3	0.039
chr2	596933	SNP	A	G	89,3	0.052
chr2	699161	SNP	C	T	135,4	0.045
chr2	799970	SNP	G	A	158,144	0.476
chr2	803733	INDEL	C	CA	154,164	0.513
chr2	803909	SNP	G	A	324,4	0.029
chr3	282	INDEL	A	ACCACACCCACACACCACACCCACACCCACACACCCACAC	0,30	0.898
chr3	16030	INDEL	TTCA	T	71,68	0.492
chr3	55661	SNP	C	T	134,4	0.039
chr3	119255	SNP	G	A	149,4	0.042
chr3	152838	SNP	C	G	60,72	0.542
chr3	158526	SNP	C	G	71,43	0.375
chr3	162984	INDEL	TG	T	0,25	0.963
chr3	191206	INDEL	T	TTACATCTGATAAAGGAC	0,171	0.952
chr3	192086	SNP	A	G	0,155	0.980
chr3	199974	INDEL	T	TAAGTCGTCCTGAGAACGATGTAGATTTAGATCTTTACATGTTGGTACTCTAAATCACCTCCTTCCATCTTA	0,81	0.712
chr3	245977	INDEL	GTACATACATACATA	G	0,103	0.939
chr3	291180	SNP	G	A	0,162	0.990
chr3	306735	SNP	G	A	0,135	0.973
chr4	12087	SNP	A	T	8,2	0.228
chr4	83448	SNP	G	T	118,4	0.072
chr4	147086	SNP	T	C	140,4	0.037
chr4	204320	INDEL	A	AGACGTAGGGCTGTAGCTTGGC	0,137	0.932
chr4	274733	SNP	C	A	109,5	0.055
chr4	354148	MIXED	CT	C,AT,CTT	67,4,6,11	0.095,0.070,0.160
chr4	367899	INDEL	C	CA	18,9	0.424
chr4	402651	SNP	C	T	94,3	0.050
chr4	427446	INDEL	ATT	A,AT,ATTT	78,3,12,6	0.050,0.134,0.088
chr4	503874	INDEL	CATAT	C,CAT,CATATAT	72,2,3,5	0.052,0.064,0.087
chr4	579209	SNP	T	C	97,3	0.044
chr4	583115	INDEL	CGAAGAA	C,CGAA	93,2,3	0.049,0.067
chr4	602881	INDEL	GTGATGA	G,GTGA	57,2,3	0.093,0.134
chr4	620520	INDEL	GAAA	G,GA,GAA	7,5,36,6	0.109,0.579,0.141
chr4	737901	SNP	G	T	94,4	0.055
chr4	756262	SNP	G	C	0,53	0.970
chr4	756940	INDEL	T	TC	0,57	0.983
chr4	757770	SNP	A	G	57,9	0.167
chr4	840722	SNP	C	T	118,4	0.057
chr4	870202	SNP	G	T	88,3	0.035
chr4	885727	INDEL	GAA	G,GAAA	80,2,13	0.048,0.157
chr4	944320	SNP	G	A	87,3	0.055
chr4	1000190	SNP	G	A	114,5	0.059
chr4	1056240	SNP	C	T	124,4	0.062
chr4	1065980	SNP	G	T	97,3	0.039
chr4	1073840	SNP	C	T	113,4	0.050
chr4	1090676	SNP	A	G	102,5	0.056
chr4	1219531	SNP	G	A	107,4	0.053
chr4	1293514	SNP	G	T	105,4	0.066
chr4	1460973	SNP	G	T	113,4	0.057
chr5	33475	INDEL	CTT	C,CT,CTTT	68,4,9,6	0.080,0.129,0.099
chr5	65293	INDEL	GAAAAA	G,GAA,GAAAA,GAAAAAA	19,2,2,6,5	0.123,0.138,0.188,0.168
chr5	116023	INDEL	G	GA	8,77	0.865
chr5	155949	INDEL	G	GGATGAA	1,98	0.923
chr5	171491	INDEL	GATAT	G,GAT,GATATAT	84,2,3,6	0.049,0.065,0.095
chr5	254388	SNP	G	T	97,3	0.040
chr5	260360	INDEL	C	CA	9,23	0.629
chr5	268055	INDEL	GAAA	G,GAAAA	97,2,11	0.056,0.138
chr5	304465	SNP	C	A	132,4	0.041
chr5	338976	SNP	G	T	122,4	0.041
chr5	441129	SNP	G	T	130,4	0.044
chr6	124626	SNP	G	T	118,4	0.048
chr6	232929	SNP	G	A	159,4	0.059
chr7	9358	INDEL	GAA	G,GAAA	79,3,11	0.094,0.164
chr7	18161	INDEL	C	CACGACGACGACGACG	0,149	0.937
chr7	73511	INDEL	CATATATATATATATACAT	C	78,10	0.149
chr7	75113	INDEL	G	GAAA	0,13	0.683
chr7	95440	SNP	G	T	119,4	0.041
chr7	107384	INDEL	T	TTCATCATCGTCGTCGTCGTCGTCG	0,127	0.972
chr7	134765	INDEL	TA	T	6,13	0.598
chr7	160644	INDEL	G	GGGGGGGA,GGGGGGGGA	0,4,22	0.196,0.781
chr7	185188	INDEL	GAA	G,GA	92,3,6	0.062,0.098
chr7	264692	INDEL	A	ATGTGTG,ATGTGTGTG	0,3,80	0.075,0.893
chr7	394905	INDEL	G	GT,GTTT	5,19,4	0.558,0.225
chr7	433179	MIXED	A	T,AT	78,2,7	0.022,0.129
chr7	561787	SNP	T	A	94,27	0.233
chr7	626563	SNP	G	T	95,4	0.050
chr7	727464	INDEL	AT	A	50,19	0.347
chr7	727607	SNP	C	A	148,4	0.038
chr7	747547	SNP	G	T	127,4	0.034
chr7	847958	SNP	G	T	109,4	0.059
chr7	906802	INDEL	C	CT	3,6	0.531
chr7	978955	INDEL	G	GAAAAA,GAAAAAA	1,5,21	0.232,0.627
chr7	980175	SNP	G	A	88,3	0.050
chr7	982418	INDEL	A	ATTT	2,26	0.779
chr7	1070633	INDEL	CAAA	C,CAAAA	80,2,19	0.049,0.207
chr8	572	SNP	T	C	0,11	0.990
chr8	2227	SNP	T	C	0,5	0.825
chr8	6248	INDEL	A	ATGGCTACCACTTAGCGTC	0,53	0.990
chr8	6394	SNP	C	T	0,62	0.983
chr8	26029	SNP	C	A	129,4	0.035
chr8	71454	INDEL	A	AAT	9,39	0.752
chr8	95981	INDEL	AT	A	78,23	0.261
chr8	111940	SNP	T	C	136,48	0.270
chr8	182503	INDEL	GAA	G,GA	15,3,6	0.208,0.294
chr8	287779	SNP	A	C	121,18	0.144
chr8	405262	SNP	C	A	88,4	0.076
chr8	461285	INDEL	CTATA	C,CTA	20,2,7	0.172,0.298
chr8	471032	INDEL	CAA	C,CA,CAAA	40,4,15,8	0.085,0.229,0.134
chr8	504712	SNP	C	A	91,3	0.037
chr8	526902	SNP	A	T	115,35	0.241
chr8	526934	SNP	A	G	110,44	0.291
chr8	545298	SNP	T	G	21,29	0.577
chr8	548640	SNP	C	A	265,5	0.029
chr8	552423	SNP	T	G	0,112	0.979
chr8	556440	SNP	G	C	2,2	0.500
chr8	557967	SNP	T	G	2,66	0.956
chr9	15854	INDEL	A	ACAAATTTCTGCGAACACAAGCGT	0,28	0.981
chr9	15863	SNP	A	T	0,16	1.000
chr9	19019	INDEL	TG	T	0,62	0.992
chr9	26316	SNP	C	T	110,4	0.036
chr9	29539	SNP	C	A	140,5	0.050
chr9	47376	INDEL	C	CATTATT	0,114	0.967
chr9	52974	INDEL	C	CA	17,64	0.746
chr9	134965	INDEL	C	CCCGGCCACTT	0,183	0.984
chr9	235778	INDEL	G	GA	2,24	0.688
chr9	240708	INDEL	CTT	C,CT	9,7,32	0.199,0.559
chr9	262615	INDEL	TAA	T,TA,TAAA	62,3,12,5	0.073,0.165,0.101
chr9	274861	INDEL	ATT	A,AT,ATTT	79,3,11,6	0.042,0.118,0.080
chr9	299373	SNP	C	A	138,5	0.059
chr9	329130	INDEL	G	GCCTCTTCTGCAAAGGCCT	0,109	0.891
chr9	333971	INDEL	C	CTT	0,10	0.610
chr9	344575	SNP	A	T	117,4	0.040
chr9	349375	SNP	C	A	133,4	0.043
chr9	381852	INDEL	CAAAAAAAAA	C,CAAA	6,5,18	0.228,0.504
chr9	389191	INDEL	C	CTCTTGCGACATTT	0,153	0.958
chr9	394358	INDEL	GCAGCAGCAGCAGCAACAGCAGCAA	G	155,7	0.082
chr10	14980	INDEL	T	TTTTACGTGCCTATG	0,7	1.000
chr10	22565	INDEL	C	CTTAT,CTTATT,CTTATTT	1,6,65,6	0.130,0.655,0.134
chr10	117193	INDEL	AGGGAAATAATCCCGTTC	A	135,3	0.046
chr10	300623	SNP	C	A	128,4	0.051
chr10	345203	SNP	G	T	103,4	0.041
chr10	463758	INDEL	GTAATAGTAA	G	69,4	0.143
chr10	517494	INDEL	TA	T	66,29	0.321
chr10	543737	INDEL	CTTT	C,CTT,CTTTT	65,2,13,4	0.059,0.174,0.087
chr10	570611	INDEL	A	AAT,AATAT	10,65,3	0.749,0.090
chr10	576254	SNP	G	A	141,4	0.042
chr10	630582	INDEL	CAA	C,CA,CAAA	98,3,10,5	0.035,0.094,0.058
chr10	722509	SNP	T	C	104,7	0.064
chr11	21916	INDEL	CAAAAAAAA	C	12,17	0.563
chr11	42210	INDEL	C	CTTA	2,58	0.878
chr11	64040	INDEL	T	TTCTTCTTCCTTCTTTTTCTTTTCTTCTTCTTCCTTCTTTTTCTTTTCC	1,71	0.753
chr11	92497	MIXED	A	T,AT	104,4,5	0.044,0.102
chr11	95333	SNP	G	T	140,4	0.046
chr11	122344	INDEL	GCTC	G	132,3	0.039
chr11	148668	SNP	T	C	117,4	0.070
chr11	168782	SNP	G	T	90,3	0.048
chr11	216951	MIXED	G	T,GA	42,6,15	0.077,0.294
chr11	237780	SNP	C	A	106,4	0.046
chr11	355030	INDEL	GAA	G,GA,GAAA	90,3,9,9	0.055,0.107,0.109
chr11	382411	INDEL	ATATTAT	A,ATAT	66,2,4	0.086,0.117
chr11	389138	SNP	G	C	97,3	0.037
chr11	473016	SNP	C	T	91,3	0.055
chr11	520160	SNP	C	A	150,4	0.042
chr11	576335	INDEL	ATCGTCGTCG	A	1,69	0.912
chr11	614647	SNP	C	A	153,4	0.041
chr11	635308	INDEL	CTT	C,CT	14,5,37	0.169,0.542
chr11	636400	SNP	G	T	144,4	0.045
chr11	647206	INDEL	A	ATGCACCGAGACCGAGTCTACTATCACATCTACTCCATATGTCACCAGCTCTTCCTGGTCGTCCAGTGAAGTCTGTACAGAG	0,97	0.717
chr11	660445	SNP	C	T	0,4	0.900
chr11	661747	SNP	A	G	0,2	1.000
chr12	42	INDEL	C	CCCACACACCACACCACACACCACA	139,37	0.234
chr12	52622	INDEL	CTTT	C,CTT,CTTTT	71,2,6,4	0.057,0.099,0.080
chr12	122004	INDEL	GAAA	G	3,15	0.654
chr12	130096	INDEL	C	CTGTGACTGTGACTGGGGT	0,133	0.981
chr12	131126	SNP	T	G	105,11	0.116
chr12	146467	SNP	G	A	105,4	0.056
chr12	163009	SNP	G	A	147,4	0.058
chr12	175712	SNP	C	G	121,4	0.054
chr12	203983	INDEL	GAA	G,GA,GAAA	86,3,6,5	0.059,0.086,0.077
chr12	224713	SNP	C	A	101,4	0.053
chr12	302723	SNP	G	T	152,4	0.036
chr12	320280	INDEL	GAA	G,GA,GAAA	67,3,5,7	0.064,0.085,0.112
chr12	329672	INDEL	G	GGTTGCT	0,103	0.868
chr12	411066	SNP	G	T	146,4	0.042
chr12	417098	SNP	G	A	89,3	0.065
chr12	421021	SNP	C	A	125,4	0.040
chr12	424193	SNP	C	A	124,5	0.079
chr12	433139	SNP	G	A	94,3	0.037
chr12	436479	SNP	C	A	79,3	0.042
chr12	442819	SNP	A	G	80,3	0.058
chr12	489375	INDEL	CTT	C,CT,CTTT	85,3,4,9	0.046,0.065,0.116
chr12	490100	SNP	C	A	11,3	0.215
chr12	513803	SNP	G	A	93,4	0.046
chr12	529742	SNP	C	A	114,4	0.043
chr12	546281	SNP	A	G	98,4	0.054
chr12	575720	SNP	C	T	138,4	0.051
chr12	585827	INDEL	GA	G	1,27	0.728
chr12	593292	SNP	T	C	41,6	0.136
chr12	604500	SNP	G	T	143,4	0.034
chr12	604523	SNP	G	A	126,5	0.054
chr12	687495	INDEL	GTA	G,GTATA	41,15,3	0.242,0.087
chr12	697965	SNP	G	A	90,3	0.039
chr12	716146	SNP	A	G	141,4	0.046
chr12	789028	INDEL	GAACCTGTGGAGGATTCCAACA	G	1,39	0.655
chr12	802402	INDEL	ATT	A,AT,ATTT	96,4,13,6	0.059,0.128,0.075
chr12	823357	INDEL	GGAGAGAGAGAGAGAGA	G	5,14	0.593
chr12	829535	SNP	G	T	97,4	0.044
chr12	863616	INDEL	C	CTCATCATCA	0,76	0.897
chr12	881867	INDEL	C	CAT	5,57	0.866
chr12	1014113	INDEL	TTGTG	T,TTG	127,2,4	0.061,0.077
chr12	1047374	SNP	T	C	132,4	0.073
chr12	1060966	SNP	A	C	0,87	0.978
chr12	1061141	SNP	G	A	149,4	0.042
chr12	1061823	SNP	C	T	67,12	0.170
chr12	1063453	SNP	T	C	0,22	1.000
chr12	1069713	SNP	T	G	0,3	1.000
chr13	49	INDEL	C	CCA	0,63	0.928
chr13	55	INDEL	T	TC	0,74	0.993
chr13	81176	SNP	G	T	115,4	0.053
chr13	110966	INDEL	A	AAAACAATCAGGC	0,140	0.952
chr13	159849	INDEL	C	CATATAT,CATATATAT	0,43,4	0.704,0.191
chr13	165417	INDEL	C	CT	9,17	0.598
chr13	175897	INDEL	G	GTCTTCTTCTTCT,GTCTTCTTCTTCTTCT	0,97,2	0.820,0.125
chr13	241472	SNP	G	A	96,3	0.049
chr13	296301	SNP	A	G	92,3	0.041
chr13	297836	SNP	G	A	95,3	0.050
chr13	305673	INDEL	G	GT,GTT	9,68,5	0.755,0.108
chr13	454508	SNP	G	T	97,3	0.053
chr13	541327	INDEL	T	TAACAACAACAACAACAAC	0,120	0.959
chr13	666168	SNP	G	T	105,5	0.065
chr13	698570	INDEL	TA	T	54,17	0.293
chr13	706533	SNP	G	T	98,4	0.048
chr13	731032	SNP	T	C	91,3	0.061
chr13	734994	SNP	A	C	73,4	0.063
chr13	756715	INDEL	G	GT	46,15	0.292
chr13	854251	INDEL	CTT	C,CT	57,4,5	0.064,0.087
chr13	921244	INDEL	CTTT	C,CT,CTT	109,3,4,12	0.047,0.059,0.117
chr14	9745	SNP	A	G	164,66	0.293
chr14	14335	INDEL	G	GC	0,11	0.958
chr14	129246	INDEL	A	ATATATGTATATATATATATCAT	0,131	0.977
chr14	138361	INDEL	GTATA	G,GTA,GTATATA	82,2,3,4	0.050,0.060,0.078
chr14	154699	INDEL	GAA	G,GAAA	12,4,6	0.279,0.282
chr14	195924	INDEL	CTT	C,CT	21,6,48	0.115,0.600
chr14	242030	SNP	G	T	132,4	0.049
chr14	253410	SNP	T	C	119,7	0.056
chr14	306987	INDEL	CTT	C,CT,CTTT	72,5,13,7	0.092,0.163,0.112
chr14	359113	SNP	T	C	33,41	0.557
chr14	380722	INDEL	G	GA	36,17	0.344
chr14	393887	SNP	G	A	134,4	0.058
chr14	441728	SNP	G	T	125,4	0.039
chr14	628918	INDEL	AAG	A	105,3	0.049
chr14	663089	SNP	C	A	122,4	0.053
chr14	678823	SNP	A	G	154,4	0.044
chr14	693225	SNP	C	A	147,4	0.046
chr14	694735	INDEL	CTATA	C,CTA	93,3,3	0.068,0.067
chr14	718082	SNP	G	A	108,4	0.054
chr14	752396	SNP	G	A	126,11	0.101
chr14	783792	INDEL	TGTGTGTGGGTGTGTGGGTGTGG	T	9,79	0.857
chr15	25298	SNP	C	T	128,58	0.321
chr15	27525	SNP	T	G	229,8	0.045
chr15	94812	INDEL	AC	A	15,11	0.443
chr15	140354	SNP	C	A	110,4	0.039
chr15	187920	SNP	G	A	88,3	0.054
chr15	191802	SNP	C	A	113,4	0.043
chr15	258178	SNP	G	A	146,5	0.043
chr15	389239	SNP	G	T	135,6	0.046
chr15	430568	SNP	G	T	94,3	0.043
chr15	448662	INDEL	TA	T	5,25	0.712
chr15	522803	INDEL	G	GA	3,9	0.558
chr15	537487	SNP	G	T	97,3	0.046
chr15	670757	INDEL	G	GA	20,14	0.439
chr15	722494	SNP	C	A	113,4	0.038
chr15	738060	SNP	G	T	95,3	0.041
chr15	845522	SNP	G	A	53,78	0.587
chr15	888838	INDEL	G	GT	16,10	0.457
chr15	909066	INDEL	GTT	G,GT	7,8,56	0.130,0.724
chr15	938109	SNP	G	A	149,5	0.051
chr15	952295	INDEL	CAT	C	116,3	0.037
chr15	1020059	SNP	A	G	100,4	0.052
chr15	1029279	SNP	G	A	110,4	0.052
chr16	62280	SNP	C	T	68,12	0.174
chr16	85751	SNP	G	A	162,4	0.049
chr16	117206	INDEL	A	AACAACAGCACCT	0,132	0.960
chr16	122960	SNP	G	A	144,5	0.050
chr16	135953	INDEL	A	AAC	0,46	0.960
chr16	149393	SNP	T	C	108,4	0.048
chr16	150720	SNP	G	A	92,3	0.049
chr16	165793	SNP	G	A	100,3	0.045
chr16	192960	INDEL	CAA	C	34,6	0.259
chr16	231047	SNP	C	A	84,4	0.044
chr16	235055	SNP	T	G	111,4	0.045
chr16	348634	SNP	G	T	124,4	0.044
chr16	480401	INDEL	ATT	A	86,4	0.108
chr16	615252	INDEL	TA	T	37,18	0.358
chr16	650124	INDEL	TAA	T,TA	96,3,8	0.057,0.107
chr16	650283	INDEL	GAA	G	94,3	0.102
chr16	655074	INDEL	GAA	G,GA	18,4,4	0.218,0.228
chr16	695611	INDEL	TAA	T,TA,TAAA	67,5,12,6	0.085,0.153,0.097
chr16	810358	SNP	C	T	43,4	0.102
chr16	885164	SNP	G	A	132,4	0.044
chr16	931908	SNP	C	A	94,3	0.065
