CHROM	POS	TYPE	REF	ALT	JT37_CSFP210017657.AD	JT37_CSFP210017657.AF
chr1	1399	SNP	G	A	0,3	0.687
chr1	2554	SNP	A	T	0,2	1.000
chr1	10687	INDEL	C	CT	0,13	0.770
chr1	12148	SNP	T	C	123,16	0.134
chr1	14301	SNP	A	G	120,42	0.264
chr1	15543	SNP	A	G	0,137	0.998
chr1	15546	SNP	A	G	0,136	0.991
chr1	90978	INDEL	C	CAAA	0,9	0.722
chr1	107756	SNP	A	G	86,3	0.045
chr1	116568	INDEL	C	CTT,CTTT	1,13,4	0.583,0.255
chr1	130723	SNP	T	A	0,37	1.000
chr1	167130	SNP	C	T	96,3	0.041
chr1	192318	INDEL	C	CTCTGTCATTTCTTCT	0,32	0.884
chr1	192630	SNP	A	G	65,3	0.051
chr1	197077	SNP	A	C	76,8	0.100
chr1	200319	SNP	G	T	0,5	1.000
chr1	202562	SNP	A	T	0,5	1.000
chr1	211307	SNP	T	C	8,17	0.679
chr1	212867	SNP	A	T	0,2	1.000
chr2	174652	INDEL	ATTT	A,ATTTT	36,4,5	0.121,0.145
chr2	272839	SNP	G	A	87,3	0.068
chr2	333316	SNP	G	A	87,3	0.039
chr2	385752	SNP	A	C	91,3	0.052
chr2	394137	SNP	G	A	93,3	0.042
chr2	408629	SNP	A	G	93,3	0.041
chr2	452364	MIXED	CT	C,CTT,TT	39,9,4,2	0.210,0.146,0.034
chr2	580045	SNP	C	T	81,3	0.057
chr2	680251	INDEL	ATT	A,AT	89,3,9	0.065,0.122
chr2	695580	INDEL	ATT	A,AT,ATTT	57,4,12,6	0.072,0.168,0.103
chr2	780112	INDEL	CTTT	C,CTT	51,2,11	0.098,0.215
chr2	799970	SNP	G	A	375,126	0.263
chr2	803733	INDEL	C	CA	128,343	0.713
chr3	282	INDEL	A	ACCACACCCACACACCACACCCACACCCACACACCCACAC	0,78	0.955
chr3	5394	SNP	T	C	251,16	0.072
chr3	16030	INDEL	TTCA	T	229,96	0.310
chr3	95714	SNP	C	T	333,4	0.028
chr3	118828	SNP	C	G	242,115	0.329
chr3	126849	MIXED	TA	T,AA	121,6,3	0.092,0.037
chr3	162984	INDEL	TG	T	0,42	1.000
chr3	167289	INDEL	CTT	C,CT,CTTT	219,4,8,10	0.044,0.064,0.078
chr3	191206	INDEL	T	TTACATCTGATAAAGGAC	0,320	0.976
chr3	192086	SNP	A	G	0,338	0.978
chr3	193085	SNP	C	G	162,128	0.445
chr3	199974	INDEL	T	TAAGTCGTCCTGAGAACGATGTAGATTTAGATCTTTACATGTTGGTACTCTAAATCACCTCCTTCCATCTTA	3,161	0.694
chr3	201735	INDEL	TC	T	3,271	0.966
chr3	215143	SNP	C	G	0,333	0.985
chr3	221544	SNP	C	T	0,361	0.991
chr3	221996	SNP	C	T	1,294	0.982
chr3	237690	SNP	C	T	0,277	0.973
chr3	243887	SNP	C	G	0,337	0.993
chr3	245977	INDEL	GTACATACATACATA	G	0,207	0.932
chr3	247414	SNP	C	T	0,332	0.986
chr3	289868	SNP	C	T	2,414	0.986
chr3	291180	SNP	G	C	0,408	0.986
chr3	306735	SNP	G	A	0,110	0.961
chr4	17230	SNP	C	A	156,4	0.045
chr4	26324	INDEL	A	ACCCCCCCC,ACCCCCCCCC	0,7,3	0.587,0.315
chr4	43858	INDEL	C	CTTT	3,23	0.731
chr4	125180	INDEL	ATTTT	A	1,16	0.721
chr4	204320	INDEL	A	AGACGTAGGGCTGTAGCTTGGC	0,90	0.947
chr4	238667	SNP	G	T	94,3	0.037
chr4	244097	SNP	G	A	96,3	0.041
chr4	268834	INDEL	C	CAA	62,5	0.121
chr4	272269	INDEL	GTT	G	4,23	0.679
chr4	290295	SNP	G	A	106,4	0.085
chr4	300746	SNP	A	G	95,3	0.064
chr4	313314	SNP	C	T	84,3	0.061
chr4	328281	INDEL	TTATA	T,TTA	39,2,5	0.101,0.153
chr4	345093	SNP	T	A	98,5	0.066
chr4	358931	SNP	G	A	96,3	0.041
chr4	422110	INDEL	T	TA	54,17	0.254
chr4	448829	INDEL	GTATA	G,GTA	56,2,14	0.101,0.228
chr4	477466	SNP	T	C	98,3	0.034
chr4	541199	INDEL	CA	C	42,15	0.309
chr4	579006	SNP	C	T	94,3	0.051
chr4	620520	INDEL	GAA	G,GA	4,24,5	0.606,0.200
chr4	697293	SNP	T	C	116,4	0.046
chr4	734345	SNP	G	A	91,3	0.043
chr4	756262	SNP	G	C	0,78	0.987
chr4	756940	INDEL	T	TC	2,30	0.959
chr4	757770	SNP	A	G	111,7	0.078
chr4	760495	SNP	T	C	94,3	0.051
chr4	896054	SNP	G	A	90,3	0.043
chr4	1014620	INDEL	GAAA	G,GA,GAA,GAAAA	40,3,3,5,5	0.065,0.065,0.099,0.105
chr4	1018081	SNP	T	A	86,3	0.040
chr4	1056683	SNP	G	A	66,3	0.061
chr4	1081030	SNP	G	A	83,4	0.057
chr4	1137663	SNP	A	C	83,4	0.081
chr4	1175278	SNP	T	C	89,3	0.062
chr4	1286652	SNP	T	C	83,3	0.041
chr4	1425440	SNP	T	C	121,4	0.059
chr4	1454482	SNP	C	A	109,4	0.044
chr4	1475782	SNP	C	A	105,4	0.053
chr4	1477115	SNP	C	A	96,3	0.036
chr5	14724	INDEL	CAA	C	35,4	0.201
chr5	18073	SNP	C	T	87,3	0.068
chr5	23230	INDEL	ATT	A,AT,ATTT	86,4,10,5	0.064,0.115,0.082
chr5	65293	INDEL	GA	G	22,11	0.401
chr5	81195	INDEL	GTTATTATTATTATTATTGTTGTTGTTA	G	71,3	0.119
chr5	100528	SNP	G	A	82,3	0.052
chr5	100580	INDEL	GAAAA	G,GA	3,39,7	0.643,0.205
chr5	117517	INDEL	CATATATAT	C	0,62	0.944
chr5	120834	SNP	A	T	93,4	0.052
chr5	141864	INDEL	C	CAATAAT,CAATAATAAT	0,2,38	0.150,0.779
chr5	148818	SNP	T	A	85,3	0.059
chr5	155949	INDEL	G	GGATGAA	2,60	0.858
chr5	170423	SNP	G	A	97,3	0.058
chr5	171491	INDEL	GATAT	G,GATATAT	69,2,9	0.066,0.150
chr5	175870	SNP	T	C	98,3	0.037
chr5	195483	INDEL	AAAAAAAAAAAAAAAAAAGAT	A	66,7	0.174
chr5	213240	SNP	G	A	94,3	0.043
chr5	238297	SNP	G	A	95,3	0.042
chr5	241923	SNP	G	T	73,3	0.081
chr5	242561	INDEL	G	GAAAA	27,5	0.278
chr5	260360	INDEL	C	CA	4,15	0.653
chr5	304694	INDEL	C	CT	34,15	0.355
chr5	312872	SNP	G	T	96,3	0.044
chr5	365235	SNP	G	A	94,3	0.045
chr5	368231	SNP	C	G	111,4	0.046
chr5	373705	SNP	C	A	75,5	0.072
chr5	430405	SNP	G	A	124,8	0.061
chr5	471712	SNP	C	T	134,4	0.035
chr5	502288	SNP	G	T	98,3	0.040
chr5	507474	SNP	T	C	90,3	0.065
chr5	539467	SNP	C	A	85,3	0.074
chr5	544080	INDEL	AG	A	12,9	0.448
chr6	7000	SNP	G	C	145,19	0.114
chr6	8478	SNP	G	A	202,4	0.053
chr6	12201	SNP	A	G	125,8	0.074
chr6	47542	SNP	G	A	92,3	0.051
chr6	75907	INDEL	C	CTTTT,CTTTTT	0,26,6	0.683,0.251
chr6	97858	INDEL	CTT	C,CT,CTTT	71,3,5,13	0.052,0.076,0.157
chr6	159173	SNP	C	T	99,5	0.061
chr6	168701	SNP	G	T	99,4	0.060
chr6	182991	INDEL	CATAT	C,CATATAT,CATATATAT	45,2,6,2	0.072,0.140,0.082
chr7	8054	SNP	G	A	88,3	0.066
chr7	9358	INDEL	GAAA	G,GAA	81,2,6	0.066,0.122
chr7	18161	INDEL	C	CACGACGACGACGACG	0,103	0.944
chr7	79273	INDEL	C	CTTTTT	0,30	0.914
chr7	102737	SNP	G	T	92,3	0.067
chr7	107384	INDEL	T	TTCATCATCGTCGTCGTCGTCGTCG	0,115	0.977
chr7	109975	SNP	G	A	92,3	0.051
chr7	120920	SNP	C	A	95,3	0.063
chr7	134745	INDEL	C	CAA,CAAA	1,19,4	0.655,0.204
chr7	157892	SNP	G	T	112,5	0.072
chr7	160644	INDEL	G	GGGGGGGGA	0,27	0.964
chr7	264692	INDEL	A	ATGTGTG,ATGTGTGTG	0,3,76	0.068,0.916
chr7	287587	SNP	A	T	97,3	0.045
chr7	299048	SNP	G	A	85,3	0.060
chr7	392189	INDEL	GA	G	7,17	0.620
chr7	401800	SNP	C	T	98,3	0.054
chr7	460416	SNP	G	A	97,4	0.060
chr7	497789	SNP	C	T	86,3	0.055
chr7	595260	SNP	G	A	84,3	0.050
chr7	628263	SNP	T	C	87,3	0.044
chr7	646930	SNP	G	A	94,3	0.051
chr7	664908	SNP	C	T	79,3	0.053
chr7	917699	SNP	G	T	110,4	0.047
chr7	982418	INDEL	A	ATTT	0,21	0.820
chr7	984056	INDEL	G	GT	28,14	0.376
chr7	1007592	INDEL	CTT	C,CTTT	47,3,7	0.099,0.146
chr8	6248	INDEL	A	ATGGCTACCACTTAGCGTC	0,28	0.920
chr8	67226	SNP	G	A	97,3	0.051
chr8	76227	SNP	C	T	92,3	0.047
chr8	106501	SNP	C	A	100,4	0.060
chr8	111940	SNP	T	C	111,42	0.289
chr8	215108	SNP	G	A	100,4	0.051
chr8	294288	INDEL	CTTT	C,CTT,CTTTT	52,2,4,9	0.061,0.088,0.151
chr8	310199	MIXED	CATAT	C,CAT,TATAT,CATATAT	89,2,3,2,10	0.031,0.042,0.026,0.103
chr8	330137	SNP	A	T	120,4	0.061
chr8	392425	INDEL	GAAAAA	G,GAAAA,GAAAAAA	33,2,9,6	0.063,0.195,0.165
chr8	414451	SNP	A	G	96,4	0.046
chr8	420301	SNP	G	A	91,3	0.038
chr8	504313	SNP	C	A	44,3	0.075
chr8	524831	INDEL	CAA	C,CA,CAAA	90,3,5,8	0.050,0.068,0.092
chr8	526902	SNP	A	T	95,39	0.300
chr8	526934	SNP	A	G	106,39	0.276
chr8	545298	SNP	T	G	25,26	0.509
chr8	552423	SNP	T	G	0,55	0.991
chr9	19019	INDEL	TG	T	0,23	0.926
chr9	49371	SNP	G	A	122,4	0.047
chr9	52974	INDEL	C	CA,CAA	12,42,7	0.660,0.136
chr9	101043	INDEL	C	CAACAAT,CAATAAT,CAATAATAAT	1,2,43,2	0.053,0.769,0.116
chr9	110876	SNP	C	T	68,3	0.059
chr9	134965	INDEL	C	CCCGGCCACTT	0,119	0.956
chr9	139782	INDEL	TTATATATATATA	T	0,78	0.981
chr9	149252	SNP	G	A	87,3	0.046
chr9	262615	INDEL	TA	T	39,24	0.403
chr9	321849	SNP	C	T	86,4	0.073
chr9	329130	INDEL	G	GCCTCTTCTGCAAAGGCCT	0,92	0.885
chr9	365473	SNP	C	T	99,3	0.044
chr9	383968	INDEL	GAA	G,GA,GAAA	70,3,5,9	0.061,0.081,0.134
chr9	389191	INDEL	C	CTCTTGCGACATTT	0,91	0.943
chr10	14980	INDEL	T	TTTTACGTGCCTATG	0,4	1.000
chr10	62270	SNP	C	T	92,3	0.042
chr10	120013	SNP	C	A	87,3	0.045
chr10	171543	INDEL	AATAT	A,AAT	62,2,5	0.064,0.102
chr10	189702	INDEL	CTT	C,CTTT	56,3,6	0.115,0.143
chr10	320789	SNP	G	A	76,3	0.080
chr10	374361	SNP	C	T	94,3	0.040
chr10	422778	SNP	T	C	104,4	0.038
chr10	442472	INDEL	CTATA	C,CTA	78,2,5	0.055,0.087
chr10	449686	INDEL	GAT	G,GATAT	16,10,3	0.328,0.203
chr10	463758	INDEL	GTAATAGTAA	G	66,3	0.112
chr10	491477	SNP	G	T	94,4	0.049
chr10	503055	SNP	C	A	96,3	0.041
chr10	570611	INDEL	A	AAT,AATAT	7,42,3	0.737,0.098
chr10	573834	INDEL	CTTT	C,CTTTT	38,4,5	0.129,0.154
chr10	614325	SNP	A	G	98,3	0.044
chr10	633615	SNP	C	T	59,9	0.159
chr10	695181	SNP	G	T	94,3	0.099
chr11	114	SNP	A	C	0,16	0.786
chr11	26922	SNP	C	G	98,3	0.030
chr11	42210	INDEL	C	CTTA	1,69	0.909
chr11	64040	INDEL	T	TTCTTCTTCCTTCTTTTTCTTTTCTTCTTCTTCCTTCTTTTTCTTTTCC	6,75	0.772
chr11	73151	SNP	G	T	93,3	0.072
chr11	134311	INDEL	ATT	A	58,5	0.147
chr11	140718	SNP	C	G	96,4	0.066
chr11	151138	SNP	C	T	79,3	0.043
chr11	193157	SNP	A	T	80,3	0.052
chr11	222661	SNP	T	C	89,3	0.038
chr11	280788	INDEL	GATAT	G,GAT	76,2,5	0.043,0.096
chr11	289413	SNP	G	T	98,3	0.045
chr11	361143	SNP	G	A	93,4	0.044
chr11	386996	INDEL	G	GTGATGA	1,66	0.860
chr11	391456	SNP	G	T	94,3	0.040
chr11	514498	SNP	C	A	86,3	0.045
chr11	576335	INDEL	ATCGTCGTCG	A	0,57	0.861
chr11	660445	SNP	C	T	0,6	0.927
chr11	661044	INDEL	G	GAGA	1,2	0.624
chr12	19912	INDEL	CTT	C,CTTT,CTTTT	14,3,58,7	0.068,0.628,0.111
chr12	44988	SNP	C	A	90,3	0.076
chr12	54606	SNP	G	A	128,4	0.039
chr12	63984	INDEL	C	CA,CAA	8,37,7	0.649,0.163
chr12	130096	INDEL	C	CTGTGACTGTGACTGGGGT	0,136	0.974
chr12	177398	SNP	C	T	97,3	0.039
chr12	247001	SNP	T	A	88,3	0.045
chr12	250067	SNP	T	C	95,3	0.058
chr12	255109	INDEL	GAA	G,GAAA	66,3,14	0.109,0.210
chr12	329672	INDEL	G	GGTTGCT	1,91	0.897
chr12	348867	INDEL	G	GT	11,23	0.614
chr12	373948	SNP	G	T	36,8	0.185
chr12	396734	SNP	G	T	87,3	0.045
chr12	585827	INDEL	GA	G	1,31	0.802
chr12	624730	SNP	C	T	85,3	0.048
chr12	626342	INDEL	GAAA	G,GAA,GAAAA	62,2,5,7	0.050,0.090,0.114
chr12	633992	SNP	A	G	91,4	0.054
chr12	687380	INDEL	GAAA	G,GAA,GAAAA	49,2,6,4	0.059,0.117,0.088
chr12	692964	SNP	C	T	89,3	0.080
chr12	708537	SNP	C	T	96,3	0.045
chr12	723117	INDEL	G	GT	32,12	0.325
chr12	789028	INDEL	GAACCTGTGGAGGATTCCAACA	G	0,19	0.627
chr12	817228	SNP	C	T	85,3	0.065
chr12	863616	INDEL	C	CTCATCA,CTCATCATCA,CTCATCCTCA	1,2,77,3	0.088,0.801,0.066
chr12	1002124	INDEL	GAA	G,GAAA	19,3,6	0.202,0.248
chr12	1021868	INDEL	G	GT	137,5	0.049
chr12	1040092	SNP	C	A	123,5	0.060
chr12	1060542	SNP	T	A	0,11	0.982
chr12	1060966	SNP	A	C	0,71	0.979
chr12	1061434	SNP	C	T	0,14	0.889
chr12	1061823	SNP	C	T	35,9	0.245
chr12	1063453	SNP	T	C	0,23	0.979
chr13	16007	SNP	C	T	142,4	0.034
chr13	86947	INDEL	CTATTATTATTATTAT	C	0,7	0.599
chr13	110966	INDEL	A	AAAACAATCAGGC	0,124	0.984
chr13	158394	INDEL	TAA	T,TAAA	0,12,2	0.571,0.245
chr13	159849	INDEL	C	CATATAT,CATATATAT	0,33,4	0.717,0.195
chr13	175897	INDEL	G	GTCTTCTTCTTCT	1,76	0.916
chr13	191992	INDEL	T	TTTTTTTTTTCA	0,25	0.961
chr13	254085	SNP	C	T	92,3	0.056
chr13	352482	SNP	T	C	98,3	0.048
chr13	446479	SNP	C	A	89,3	0.038
chr13	460468	SNP	C	A	85,3	0.043
chr13	462616	INDEL	C	CTTTTT,CTTTTTT	1,4,25	0.225,0.688
chr13	475652	INDEL	G	GAAA	0,16	0.789
chr13	511978	INDEL	G	GT	59,20	0.268
chr13	536014	SNP	G	A	84,5	0.085
chr13	541327	INDEL	T	TAACAACAACAACAACAAC	0,98	0.984
chr13	558995	SNP	A	T	69,3	0.060
chr13	589284	SNP	G	T	100,4	0.068
chr13	635770	SNP	G	T	98,3	0.041
chr13	698570	INDEL	TAA	T,TAAA	34,5,9	0.147,0.205
chr13	772555	INDEL	CTT	C,CTTT	34,8,7	0.222,0.206
chr13	774615	INDEL	CAA	C,CA,CAAA	71,3,5,8	0.057,0.078,0.113
chr13	830232	SNP	C	T	97,3	0.046
chr13	854307	INDEL	CTT	C,CT	60,3,5	0.068,0.109
chr13	914653	SNP	G	T	65,6	0.142
chr13	917946	INDEL	C	CT	5,15	0.614
chr13	921244	INDEL	CTT	C	76,4	0.121
chr14	6652	INDEL	C	CCACACCCACACCACACCCACACACACCACACCCACACCCACACCACACCCACACCCA	1,56	0.952
chr14	9745	SNP	A	G	141,59	0.294
chr14	14335	INDEL	G	GC	0,8	0.899
chr14	98003	SNP	C	T	0,2	0.833
chr14	116595	INDEL	GAA	G,GAAA	76,3,9	0.066,0.116
chr14	129246	INDEL	A	ATATATGTATATATATATATCAT	0,105	0.970
chr14	131464	INDEL	T	TGGAGGA,TGGAGGAGGA	0,2,65	0.097,0.873
chr14	138379	SNP	A	G	94,3	0.044
chr14	195924	INDEL	CT	C	14,59	0.760
chr14	225477	SNP	G	T	87,4	0.049
chr14	286544	SNP	G	A	95,3	0.033
chr14	314049	SNP	C	T	102,4	0.042
chr14	337366	SNP	C	A	86,3	0.056
chr14	394612	SNP	C	T	97,3	0.048
chr14	483005	INDEL	CAA	C	72,5	0.129
chr14	492822	INDEL	TA	T	37,21	0.388
chr14	498967	SNP	G	A	97,3	0.050
chr14	507068	SNP	T	C	94,3	0.072
chr14	518821	SNP	G	C	86,3	0.051
chr14	518898	SNP	G	A	89,4	0.048
chr14	525246	SNP	C	T	90,3	0.037
chr14	605489	INDEL	CTATA	C,CTA,CTATATA	26,2,3,6	0.103,0.122,0.201
chr14	623386	SNP	A	G	89,5	0.082
chr14	659788	SNP	A	G	123,4	0.053
chr14	716185	INDEL	CTT	C,CT,CTTT	59,3,4,7	0.070,0.094,0.133
chr14	734093	SNP	G	T	117,4	0.054
chr14	764499	INDEL	ATT	A	194,4	0.054
chr14	775160	SNP	G	T	91,3	0.048
chr14	783792	INDEL	TGTGTGTGGGTGTGTGGGTGTGG	T	2,65	0.883
chr15	25298	SNP	C	T	117,36	0.249
chr15	71407	SNP	A	G	92,3	0.050
chr15	216895	INDEL	ATT	A,AT,ATTT	33,4,10,6	0.113,0.200,0.148
chr15	238407	SNP	A	G	82,3	0.046
chr15	344539	SNP	C	T	127,5	0.062
chr15	362322	SNP	A	G	88,4	0.063
chr15	424156	SNP	G	A	87,3	0.044
chr15	448662	INDEL	TA	T	3,24	0.737
chr15	459598	SNP	A	G	78,3	0.064
chr15	487889	SNP	C	A	92,3	0.057
chr15	535654	SNP	G	A	87,3	0.045
chr15	670757	INDEL	GA	G	14,9	0.438
chr15	675314	INDEL	CTTTTTT	C,CTTTTT	16,3,5	0.198,0.261
chr15	747548	SNP	G	A	111,4	0.039
chr15	896937	SNP	T	C	69,3	0.052
chr15	921115	SNP	G	T	76,3	0.045
chr15	923116	INDEL	GATAT	G,GATATAT	11,2,50	0.082,0.699
chr15	923673	SNP	C	A	99,4	0.050
chr15	926000	SNP	T	C	110,4	0.039
chr15	954137	INDEL	C	CT	0,4	0.565
chr15	989703	INDEL	GAAA	G,GAAAA	46,2,9	0.076,0.204
chr15	1000971	INDEL	ATT	A,AT	50,4,9	0.118,0.194
chr15	1019585	INDEL	CTTT	C,CTT,CTTTT	47,2,4,8	0.079,0.109,0.163
chr15	1027758	SNP	G	T	91,3	0.060
chr16	62280	SNP	C	T	77,5	0.086
chr16	117206	INDEL	A	AACAACAGCACCT	0,115	0.944
chr16	132452	INDEL	TAAA	T,TAA,TAAAA	53,2,4,11	0.052,0.080,0.165
chr16	135953	INDEL	A	AAC	0,33	1.000
chr16	137898	SNP	G	T	105,4	0.061
chr16	165831	INDEL	AT	A	78,5	0.071
chr16	247147	SNP	C	A	88,4	0.050
chr16	283141	SNP	G	A	94,3	0.043
chr16	328074	SNP	G	A	97,3	0.062
chr16	396684	SNP	G	A	77,3	0.064
chr16	462239	INDEL	GAAAAA	G,GAAAAAA	13,2,6	0.201,0.317
chr16	467273	SNP	C	A	86,3	0.044
chr16	503380	INDEL	G	GA	10,7	0.443
chr16	505638	SNP	A	G	87,3	0.064
chr16	528954	INDEL	CTTT	C,CTTTT	66,4,15	0.079,0.202
chr16	534805	SNP	T	C	84,4	0.047
chr16	599238	SNP	G	A	92,4	0.048
chr16	655074	INDEL	G	GA	8,8	0.506
chr16	711714	SNP	G	A	91,3	0.048
chr16	714218	SNP	G	T	93,3	0.051
chr16	719888	SNP	C	T	88,3	0.041
chr16	725569	SNP	G	A	85,3	0.041
chr16	886446	INDEL	GTT	G,GT	21,6,53	0.124,0.599
chr16	921144	SNP	G	A	85,3	0.063
chr16	939704	SNP	G	A	109,4	0.042
