CHROM	POS	TYPE	REF	ALT	JT3_CSFP210017623-2a_H7VMKDSX3_.AD	JT3_CSFP210017623-2a_H7VMKDSX3_.AF
chr1	530	SNP	T	C	60,15	0.208
chr1	7572	INDEL	A	AATGAGTAGACGTTATTGC	97,6	0.048
chr1	10687	INDEL	C	CT	0,3	0.665
chr1	24654	SNP	T	C	50,3	0.057
chr1	24679	SNP	G	T	54,3	0.073
chr1	29230	SNP	T	A	41,3	0.068
chr1	31003	SNP	A	G	40,3	0.075
chr1	67094	SNP	G	A	57,3	0.065
chr1	80085	SNP	T	A	44,3	0.064
chr1	102762	SNP	T	G	81,3	0.052
chr1	109037	SNP	G	A	39,3	0.093
chr1	113711	INDEL	GGACAA	G	38,3	0.120
chr1	117463	SNP	T	C	26,3	0.104
chr1	117796	INDEL	ATT	A,AT	25,3,5	0.117,0.172
chr1	130723	SNP	T	A	0,3	1.000
chr1	161587	SNP	G	T	50,4	0.097
chr1	172813	SNP	G	T	52,3	0.098
chr1	174679	INDEL	C	CTACCTCAAGG	41,3	0.104
chr1	176347	SNP	T	C	38,3	0.086
chr1	179279	SNP	C	T	57,11	0.167
chr1	179291	SNP	C	T	64,5	0.092
chr1	184433	SNP	A	G	46,3	0.074
chr1	190276	SNP	C	T	9,8	0.475
chr1	197063	SNP	T	C	28,5	0.162
chr1	197077	SNP	A	C	28,3	0.097
chr1	197266	SNP	C	T	4,2	0.334
chr1	212867	SNP	A	T	0,3	0.999
chr1	212877	SNP	A	T	0,2	1.000
chr2	2083	SNP	A	C	1,4	0.800
chr2	25200	INDEL	A	ACC	28,3	0.132
chr2	25202	SNP	C	G	28,3	0.109
chr2	71399	INDEL	T	TGA	11,3	0.233
chr2	71518	SNP	G	T	26,3	0.104
chr2	73182	SNP	T	C	18,3	0.174
chr2	104531	SNP	T	A	18,2	0.100
chr2	104536	SNP	T	A	17,2	0.105
chr2	115375	INDEL	GAA	G	7,3	0.368
chr2	121160	SNP	T	C	38,3	0.105
chr2	168347	SNP	T	A	28,3	0.133
chr2	174452	SNP	G	A	40,3	0.132
chr2	190694	SNP	C	T	26,3	0.141
chr2	190701	SNP	C	T	25,3	0.121
chr2	200106	INDEL	T	TTCATCGAAAGGGAAATTATAAATTG	32,3	0.086
chr2	200108	INDEL	C	CAAGTTCCATCTGTCGAT	31,3	0.116
chr2	204280	SNP	G	A	22,3	0.135
chr2	221100	MNP	GT	AC	23,3	0.130
chr2	222644	SNP	T	C	51,5	0.097
chr2	226683	SNP	C	T	4,2	0.333
chr2	236857	SNP	C	T	39,3	0.091
chr2	236860	INDEL	T	TTTATTCACTA	39,3	0.081
chr2	240548	SNP	T	C	21,3	0.140
chr2	265330	SNP	C	T	29,4	0.132
chr2	270296	SNP	C	A	57,3	0.080
chr2	277934	SNP	C	A	29,3	0.097
chr2	281844	SNP	G	T	60,3	0.062
chr2	332488	INDEL	C	CGGCAAGGGTACCAGATCTTCATCCTCATCATTATCTTCATCATTCTTATCATTTTCTTG	28,3	0.108
chr2	338911	SNP	G	A	22,3	0.161
chr2	354292	SNP	C	A	33,3	0.083
chr2	366365	INDEL	C	CCTTCGTCTTCTTCTTCATCTTCCTTTTCATTTAAATTTTCGTACACATTTACATCTATT	38,3	0.073
chr2	371094	SNP	T	C	19,2	0.114
chr2	390026	SNP	A	T	18,3	0.153
chr2	393136	SNP	A	T	93,4	0.114
chr2	393216	SNP	G	T	93,3	0.064
chr2	393690	SNP	G	A	15,3	0.184
chr2	400109	SNP	T	G	25,3	0.133
chr2	409948	SNP	A	G	62,3	0.066
chr2	417129	SNP	T	C	28,3	0.113
chr2	417596	SNP	A	T	31,4	0.135
chr2	433552	SNP	G	A	53,4	0.092
chr2	444641	SNP	T	A	53,3	0.090
chr2	445777	SNP	C	T	58,3	0.062
chr2	450309	SNP	T	A	32,3	0.097
chr2	465633	INDEL	G	GTAACGATGACACAGTACGATT	176,6	0.030
chr2	486621	INDEL	T	TTTTTGACGACTCTGTAATACTCTATTTATTATTTAGTTTAG	29,2	0.077
chr2	495678	SNP	G	A	20,4	0.189
chr2	499906	SNP	A	T	54,3	0.070
chr2	500085	SNP	G	T	35,3	0.090
chr2	506824	SNP	G	T	35,3	0.092
chr2	507483	SNP	A	C	20,3	0.146
chr2	513638	INDEL	C	CTTG	16,2	0.128
chr2	516411	SNP	T	C	18,2	0.100
chr2	517512	SNP	T	G	35,3	0.103
chr2	534012	SNP	A	G	31,3	0.144
chr2	541449	SNP	C	T	25,3	0.107
chr2	543708	SNP	C	T	31,3	0.100
chr2	546352	SNP	C	A	53,3	0.082
chr2	566690	INDEL	C	CTTTGTATTCTTCGCGAACGAGATCA	35,3	0.097
chr2	612185	SNP	C	T	30,3	0.094
chr2	625812	SNP	T	C	31,3	0.121
chr2	625814	INDEL	A	ACCGCTGCCT	32,3	0.097
chr2	660348	INDEL	T	TTATGTTTCGTATTTTTC	28,5	0.149
chr2	681576	MNP	CA	AT	16,2	0.130
chr2	685908	MNP	AT	TA,GT	40,2,3	0.051,0.075
chr2	691064	SNP	C	A	25,3	0.121
chr2	693284	SNP	C	A	39,3	0.091
chr2	707338	SNP	G	C	11,2	0.179
chr2	713410	INDEL	GA	G	17,2	0.126
chr2	758965	SNP	C	T	40,4	0.121
chr2	768723	SNP	A	C	17,2	0.105
chr2	775686	SNP	G	A	194,6	0.066
chr2	775827	SNP	G	A	177,7	0.108
chr2	782843	SNP	G	A	32,3	0.118
chr2	804698	SNP	C	T	28,4	0.157
chr3	7451	SNP	G	A	50,6	0.107
chr3	7457	SNP	G	A	50,7	0.123
chr3	35068	INDEL	G	GT	131,5	0.035
chr3	40345	INDEL	T	TATAGGCTACTTAGTTGGTTTTGATACAATTGCTAGGATCTTTGATGAAA	50,3	0.103
chr3	61518	SNP	C	A	82,3	0.066
chr3	63725	SNP	T	C	71,3	0.047
chr3	64005	INDEL	A	AAATCCCGACTCTGTTGG	53,3	0.061
chr3	71476	SNP	G	T	73,3	0.040
chr3	72026	SNP	C	A	68,3	0.068
chr3	80470	SNP	G	A	123,4	0.050
chr3	81179	SNP	A	G	133,4	0.052
chr3	81708	SNP	A	G	10,2	0.167
chr3	81710	SNP	A	C	10,2	0.167
chr3	119799	SNP	C	T	54,3	0.053
chr3	125421	SNP	G	A	92,3	0.058
chr3	129445	SNP	C	T	52,53	0.504
chr3	135640	SNP	C	T	46,37	0.448
chr3	163146	SNP	C	G	34,23	0.408
chr3	183557	SNP	G	T	67,4	0.056
chr3	184957	SNP	G	A	60,3	0.068
chr3	190069	SNP	C	T	0,87	0.952
chr3	191206	INDEL	T	TTACATCTGATAAAGGAC	0,59	0.945
chr3	192086	SNP	A	G	0,89	0.963
chr3	205664	SNP	A	T	59,3	0.064
chr3	216051	SNP	T	A	41,3	0.098
chr3	222704	INDEL	G	GT	26,11	0.343
chr3	231301	INDEL	TC	T	47,3	0.100
chr3	240654	INDEL	A	ACATGGTGGATGG	102,3	0.041
chr3	254397	SNP	C	A	60,3	0.055
chr3	271060	INDEL	GAA	G,GAAA	30,3,12	0.144,0.316
chr3	273362	SNP	G	T	75,3	0.055
chr3	283289	SNP	G	T	74,3	0.051
chr3	291180	SNP	G	A	0,77	0.986
chr3	294612	MNP	TG	CC	87,3	0.056
chr3	298427	SNP	C	G	0,71	0.980
chr3	299951	SNP	C	A	30,81	0.717
chr3	306735	SNP	G	A	0,16	1.000
chr4	17377	SNP	C	T	44,3	0.064
chr4	36157	INDEL	GCCTA	G	34,4	0.105
chr4	43858	INDEL	C	CTTT	0,5	0.671
chr4	55634	INDEL	CATATATATATACAT	C	35,3	0.160
chr4	94451	INDEL	T	TC	2,32	0.830
chr4	154373	SNP	T	A	74,4	0.093
chr4	165159	SNP	T	C	29,3	0.132
chr4	179956	SNP	G	T	48,3	0.087
chr4	188211	SNP	C	T	63,3	0.045
chr4	204393	SNP	G	T	97,3	0.053
chr4	209962	INDEL	C	CATATATATAT,CATATATATATAT	0,10,2	0.648,0.249
chr4	238775	INDEL	CATATATAT	C,CAT	0,28,2	0.834,0.112
chr4	242638	SNP	A	C	26,3	0.141
chr4	243939	SNP	G	A	37,3	0.098
chr4	255672	SNP	A	G	43,3	0.094
chr4	262998	SNP	A	T	51,3	0.072
chr4	271895	SNP	C	A	39,3	0.071
chr4	274228	SNP	A	G	28,4	0.167
chr4	295351	SNP	G	C	31,3	0.100
chr4	301202	SNP	A	T	58,3	0.079
chr4	317392	INDEL	A	AGTTTTTCC	19,3	0.136
chr4	317394	INDEL	T	TCAGCCATTTCAAGCTTGG	19,3	0.136
chr4	324177	SNP	C	A	53,3	0.056
chr4	328339	SNP	G	A	20,3	0.130
chr4	331620	SNP	G	T	91,4	0.062
chr4	357734	SNP	T	C	17,2	0.105
chr4	403128	SNP	G	T	54,3	0.060
chr4	423666	SNP	A	C	38,3	0.078
chr4	452895	SNP	A	T	50,3	0.057
chr4	454598	INDEL	A	ACTTGTTC	21,5	0.192
chr4	457349	INDEL	GGT	G	16,2	0.182
chr4	540148	SNP	C	T	36,3	0.119
chr4	547187	INDEL	G	GT	1,14	0.681
chr4	580728	SNP	T	C	22,3	0.135
chr4	596880	SNP	T	A	35,3	0.079
chr4	604077	SNP	G	A	41,3	0.078
chr4	606859	SNP	T	C	24,4	0.155
chr4	620520	INDEL	GAA	G	11,20	0.552
chr4	622108	SNP	T	C	27,3	0.113
chr4	633984	SNP	G	A	22,3	0.120
chr4	635734	INDEL	ATT	A,ATTT	17,2,4	0.096,0.267
chr4	636155	SNP	A	T	23,3	0.143
chr4	640939	INDEL	G	GTTTGGTAACGCTACTGTAAAGGAT	19,2	0.112
chr4	650096	SNP	T	C	15,2	0.118
chr4	650100	SNP	A	G	15,2	0.118
chr4	664132	SNP	C	T	34,3	0.092
chr4	674242	SNP	T	A	59,3	0.057
chr4	676680	SNP	T	A	35,4	0.136
chr4	705302	INDEL	A	ACGTATT	19,2	0.130
chr4	714954	SNP	A	T	47,3	0.087
chr4	722645	SNP	C	A	23,3	0.115
chr4	729544	SNP	T	C	17,2	0.105
chr4	748534	SNP	A	G	30,3	0.091
chr4	756262	SNP	G	C	0,9	0.950
chr4	757578	SNP	A	G	18,4	0.182
chr4	757686	SNP	A	C	15,3	0.185
chr4	757770	SNP	A	G	21,3	0.125
chr4	765414	SNP	T	G	43,4	0.110
chr4	773875	SNP	C	A	80,4	0.093
chr4	812156	INDEL	C	CA	13,2	0.194
chr4	815112	SNP	G	C	57,3	0.059
chr4	815113	SNP	G	T	56,3	0.084
chr4	824979	SNP	C	T	55,3	0.076
chr4	826698	SNP	A	T	47,3	0.085
chr4	827658	SNP	C	G	31,3	0.148
chr4	827665	SNP	A	T	32,3	0.097
chr4	841770	SNP	C	A	34,3	0.081
chr4	841996	SNP	G	A	36,3	0.100
chr4	853038	SNP	A	G	46,3	0.061
chr4	853062	SNP	C	G	60,3	0.062
chr4	885741	SNP	T	A	38,4	0.107
chr4	911245	SNP	G	A	26,3	0.129
chr4	944875	SNP	C	A	2,2	0.525
chr4	962964	SNP	G	T	79,3	0.063
chr4	968293	SNP	C	A	40,3	0.080
chr4	980413	SNP	A	G	22,4	0.179
chr4	980564	SNP	A	G	56,6	0.119
chr4	981298	SNP	C	T	27,3	0.140
chr4	991034	SNP	A	G	162,11	0.072
chr4	991100	SNP	G	A	181,7	0.051
chr4	993214	INDEL	C	CA	43,3	0.095
chr4	995506	INDEL	G	GCGTCACAATCGCCTAAACAGGAAATATTGCCTATTTTCGTACAAGGTTA	18,2	0.100
chr4	1022023	SNP	C	T	54,5	0.102
chr4	1022062	SNP	C	T	47,5	0.104
chr4	1054567	SNP	C	T	27,3	0.128
chr4	1073819	SNP	T	G	39,3	0.109
chr4	1074711	SNP	G	T	29,3	0.105
chr4	1091007	INDEL	C	CCTTTTCATCTTCCTT	26,3	0.128
chr4	1105327	SNP	A	G	33,3	0.083
chr4	1119406	SNP	T	C	51,3	0.081
chr4	1134853	SNP	A	T	35,3	0.079
chr4	1140481	INDEL	T	TTCTAAAAGCCTTATGATGTATTCA	26,3	0.115
chr4	1165098	INDEL	T	TAATTA	17,2	0.150
chr4	1188047	SNP	G	A	43,3	0.094
chr4	1202394	SNP	T	A	36,3	0.088
chr4	1214456	INDEL	C	CT	29,3	0.114
chr4	1238847	INDEL	TG	T	37,4	0.128
chr4	1242850	INDEL	AGCTGCCG	A	5,2	0.286
chr4	1256200	SNP	G	T	26,3	0.144
chr4	1259632	SNP	A	G	40,3	0.070
chr4	1263993	SNP	A	C	30,3	0.103
chr4	1268142	SNP	G	A	75,5	0.092
chr4	1289149	SNP	C	G	38,5	0.158
chr4	1295755	SNP	G	A	24,4	0.153
chr4	1314079	SNP	G	A	48,3	0.083
chr4	1379522	SNP	C	T	22,3	0.120
chr4	1385443	INDEL	T	TCTGGGAAAGGATAGTAAGAAGCCTTTTTGATTA	36,3	0.086
chr4	1417069	SNP	G	T	25,4	0.169
chr4	1418792	SNP	C	A	39,3	0.081
chr4	1420222	INDEL	G	GA	24,3	0.127
chr4	1420227	SNP	C	A	23,3	0.145
chr4	1420947	INDEL	C	CATT	17,2	0.139
chr4	1444698	SNP	A	T	24,3	0.125
chr4	1487694	INDEL	GT	G	43,3	0.065
chr4	1490302	SNP	A	C	37,3	0.137
chr4	1491225	SNP	G	T	59,4	0.064
chr4	1492315	SNP	C	T	30,3	0.103
chr4	1508761	SNP	C	T	30,3	0.154
chr4	1517500	INDEL	G	GTTTTT	1,12	0.678
chr4	1517805	SNP	A	G	33,3	0.108
chr4	1523863	SNP	T	G	18,4	0.213
chr5	474	SNP	C	T	23,9	0.300
chr5	1238	SNP	T	C	21,4	0.197
chr5	1491	SNP	A	G	58,14	0.211
chr5	4025	SNP	T	C	29,5	0.147
chr5	4380	SNP	C	T	10,2	0.215
chr5	4731	SNP	A	G	5,2	0.286
chr5	6165	SNP	A	G	74,3	0.074
chr5	35079	SNP	T	A	28,3	0.121
chr5	44933	SNP	A	T	34,3	0.092
chr5	74402	SNP	G	T	40,3	0.070
chr5	84913	INDEL	T	TG	73,4	0.118
chr5	86483	INDEL	CAAAAAAAAAA	C	5,15	0.646
chr5	157922	INDEL	CA	C	6,9	0.567
chr5	163177	SNP	T	A	43,3	0.083
chr5	171491	INDEL	GATAT	G	17,3	0.232
chr5	181439	SNP	C	A	44,3	0.121
chr5	186716	SNP	C	T	30,3	0.103
chr5	208568	SNP	C	A	32,4	0.111
chr5	214845	SNP	C	T	34,3	0.081
chr5	246460	SNP	C	T	47,4	0.094
chr5	247191	INDEL	CTTT	C	33,3	0.095
chr5	255199	INDEL	GTATA	G,GTA,GTATATA	8,2,3,2	0.145,0.198,0.170
chr5	260360	INDEL	C	CA	10,7	0.468
chr5	294677	INDEL	C	CTTCGGTACTTGTGTGGGTGAGA	15,3	0.147
chr5	310749	SNP	A	G	18,3	0.148
chr5	316076	SNP	T	C	28,3	0.097
chr5	344739	SNP	G	T	53,3	0.090
chr5	355915	SNP	T	C	46,4	0.098
chr5	371798	INDEL	TG	T	39,3	0.072
chr5	375499	SNP	T	C	59,3	0.069
chr5	376365	SNP	C	T	55,5	0.123
chr5	386562	SNP	G	A	98,5	0.093
chr5	408244	SNP	T	G	57,3	0.065
chr5	421907	SNP	C	A	53,3	0.082
chr5	428337	MNP	TC	CT	42,4	0.104
chr5	432839	SNP	G	A	85,3	0.060
chr5	435328	SNP	G	C	35,3	0.090
chr5	440360	SNP	C	T	42,5	0.123
chr5	461007	SNP	G	A	16,4	0.200
chr5	470386	SNP	C	A	54,3	0.068
chr5	473255	SNP	C	A	7,2	0.273
chr5	486347	SNP	T	C	50,3	0.065
chr5	507104	SNP	A	T	55,3	0.061
chr5	507206	SNP	T	A	98,7	0.078
chr5	516364	SNP	C	T	45,3	0.088
chr5	527041	SNP	C	A	30,3	0.114
chr5	527480	INDEL	A	ATT	18,2	0.137
chr5	529723	INDEL	G	GCACCA	30,3	0.094
chr5	530059	SNP	T	A	34,3	0.122
chr5	544080	INDEL	AG	A	4,8	0.601
chr5	553411	SNP	G	A	58,3	0.077
chr5	557095	SNP	A	G	23,3	0.130
chr5	563440	SNP	T	G	30,3	0.103
chr5	565871	SNP	C	A	87,4	0.073
chr5	566074	SNP	A	T	40,3	0.070
chr5	567312	SNP	G	A	23,3	0.130
chr6	2998	SNP	G	A	320,9	0.045
chr6	12112	SNP	C	T	25,4	0.138
chr6	15809	SNP	C	A	30,3	0.091
chr6	25262	SNP	T	C	77,3	0.071
chr6	46224	SNP	G	T	20,3	0.146
chr6	71601	INDEL	G	GTACGAACA	36,3	0.097
chr6	74483	INDEL	GAA	G,GAAA	22,3,5	0.165,0.200
chr6	88000	SNP	T	C	151,5	0.072
chr6	88963	SNP	T	A	68,3	0.059
chr6	126776	SNP	T	A	48,3	0.091
chr6	138070	SNP	T	A	17,3	0.150
chr6	143697	SNP	T	A	9,2	0.182
chr6	149741	SNP	A	T	40,3	0.107
chr6	156964	SNP	C	T	17,3	0.150
chr6	176471	SNP	A	C	38,3	0.073
chr6	181856	SNP	G	A	43,4	0.093
chr6	192553	SNP	G	T	28,4	0.153
chr6	205980	SNP	C	T	41,3	0.087
chr6	210340	INDEL	T	TTGTG	3,14	0.559
chr6	210395	SNP	T	G	79,3	0.078
chr6	229067	SNP	T	A	54,3	0.120
chr6	240552	SNP	A	G	36,3	0.088
chr6	259507	SNP	G	A	35,3	0.110
chr7	24058	SNP	G	A	33,3	0.083
chr7	47998	SNP	A	G	23,3	0.130
chr7	59919	SNP	G	T	62,4	0.081
chr7	64582	SNP	T	C	72,3	0.058
chr7	86942	INDEL	T	TA	17,11	0.435
chr7	89722	SNP	T	G	28,3	0.100
chr7	107735	INDEL	ATTT	A	31,3	0.088
chr7	108923	SNP	C	A	22,3	0.148
chr7	121190	SNP	G	T	40,3	0.084
chr7	152145	SNP	G	T	28,3	0.109
chr7	156771	SNP	T	C	18,3	0.183
chr7	165125	SNP	G	T	46,3	0.068
chr7	176296	SNP	G	T	17,3	0.150
chr7	191584	SNP	C	T	18,2	0.136
chr7	191938	SNP	T	C	36,4	0.110
chr7	192926	SNP	C	A	23,3	0.130
chr7	220252	SNP	C	T	59,3	0.079
chr7	226437	SNP	A	T	29,4	0.132
chr7	226443	SNP	A	C	29,4	0.121
chr7	244442	SNP	T	C	21,3	0.190
chr7	260130	SNP	C	T	45,3	0.120
chr7	269072	INDEL	C	CTATATATA	0,9	0.779
chr7	289282	SNP	T	C	16,3	0.191
chr7	315850	INDEL	C	CAT,CATAT	2,16,2	0.777,0.111
chr7	316011	SNP	C	A	33,4	0.128
chr7	331937	SNP	G	T	29,3	0.109
chr7	334913	SNP	G	A	39,3	0.109
chr7	334915	SNP	A	C	39,3	0.091
chr7	343202	SNP	G	A	50,3	0.091
chr7	346127	SNP	C	T	32,3	0.155
chr7	373367	SNP	G	A	113,8	0.109
chr7	388354	SNP	C	A	45,3	0.090
chr7	390972	INDEL	TGTATTG	T	15,2	0.176
chr7	405245	INDEL	A	AGAG	16,3	0.158
chr7	465634	SNP	G	A	28,3	0.097
chr7	468620	SNP	T	A	34,3	0.084
chr7	474595	SNP	T	C	31,3	0.088
chr7	489241	SNP	T	G	24,4	0.155
chr7	489242	INDEL	CGAATT	C	25,4	0.162
chr7	490719	INDEL	TG	T	25,3	0.107
chr7	508843	SNP	C	G	38,3	0.102
chr7	538761	SNP	G	T	28,4	0.125
chr7	539053	INDEL	ATTGTGAAAATCCTCCCTGTCCTGCGTTCTACAATTTATTTAGTACTTGTTTGGCAAAAACGTCTCTCAGTGCCATTTACT	A	39,3	0.083
chr7	548835	SNP	T	C	47,4	0.087
chr7	550338	INDEL	A	AGAAACTAG	40,3	0.080
chr7	550958	SNP	T	C	31,3	0.088
chr7	569665	SNP	C	T	13,3	0.212
chr7	620792	INDEL	G	GT	16,2	0.111
chr7	636378	SNP	C	A	40,3	0.080
chr7	636380	SNP	G	T	40,3	0.070
chr7	646214	SNP	A	C	20,3	0.146
chr7	655854	INDEL	T	TACCCC	28,9	0.243
chr7	656110	SNP	T	A	24,3	0.172
chr7	660012	INDEL	T	TCATTTCTTCATC	20,3	0.130
chr7	665447	SNP	A	G	23,4	0.161
chr7	687949	SNP	C	T	42,3	0.110
chr7	730439	SNP	C	T	21,3	0.140
chr7	730448	SNP	T	G	19,3	0.136
chr7	733420	INDEL	T	TG	34,3	0.092
chr7	743356	SNP	A	G	27,3	0.125
chr7	761212	SNP	A	T	52,4	0.083
chr7	773309	SNP	C	T	39,3	0.072
chr7	778382	MIXED	G	T,GT	19,3,8	0.094,0.338
chr7	795345	SNP	C	A	47,4	0.094
chr7	803205	SNP	G	T	71,4	0.071
chr7	823405	SNP	A	G	51,3	0.072
chr7	823412	SNP	A	T	48,3	0.059
chr7	825396	SNP	A	T	45,3	0.074
chr7	862897	INDEL	T	TCCGTTAGC	14,2	0.125
chr7	882635	SNP	A	C	36,3	0.095
chr7	929174	INDEL	T	TG	35,3	0.099
chr7	948029	SNP	C	T	43,3	0.107
chr7	964514	SNP	A	G	36,3	0.125
chr7	978955	INDEL	G	GAAAAAA	5,6	0.516
chr7	979758	SNP	A	G	64,3	0.072
chr7	984608	INDEL	A	AATATATATATGTATGCATATATATAT	0,14	0.841
chr7	986370	INDEL	ATT	A	7,3	0.375
chr7	995788	SNP	G	A	31,3	0.091
chr7	996456	SNP	A	C	32,3	0.086
chr7	1003374	SNP	C	T	32,3	0.108
chr7	1007561	MNP	TA	CT	42,3	0.067
chr7	1020780	SNP	T	A	43,3	0.106
chr7	1024384	INDEL	T	TA	44,3	0.073
chr7	1044201	SNP	C	T	25,3	0.145
chr7	1044362	SNP	G	T	29,3	0.121
chr7	1071337	SNP	T	A	41,4	0.098
chr7	1071401	SNP	C	G	0,42	0.967
chr7	1073159	SNP	C	G	0,35	1.000
chr7	1078085	SNP	A	T	29,4	0.165
chr7	1080722	SNP	G	A	146,5	0.043
chr8	5902	SNP	C	T	0,4	1.000
chr8	21713	SNP	G	A	37,3	0.095
chr8	33516	SNP	C	T	23,3	0.143
chr8	54796	SNP	A	C	44,4	0.099
chr8	95981	INDEL	ATT	A	28,3	0.172
chr8	136520	SNP	G	A	33,3	0.125
chr8	152683	SNP	T	A	45,3	0.098
chr8	164194	SNP	G	A	28,4	0.128
chr8	166095	INDEL	T	TA	7,14	0.602
chr8	167198	MNP	ATC	GCT	14,2	0.125
chr8	188670	SNP	G	A	30,4	0.142
chr8	189409	SNP	A	C	41,3	0.070
chr8	189710	SNP	G	A	16,3	0.175
chr8	195232	SNP	A	C	20,3	0.150
chr8	195505	INDEL	C	CAAT	29,3	0.094
chr8	199274	SNP	C	A	41,3	0.068
chr8	216856	SNP	G	A	88,6	0.123
chr8	223636	SNP	G	T	22,3	0.124
chr8	226581	SNP	C	T	16,3	0.158
chr8	229955	SNP	G	A	37,3	0.088
chr8	232229	SNP	G	A	67,3	0.062
chr8	243626	INDEL	C	CAAA	18,2	0.114
chr8	252528	SNP	C	A	58,3	0.049
chr8	265930	SNP	C	T	28,3	0.143
chr8	299125	SNP	C	A	26,3	0.129
chr8	304670	SNP	T	A	30,3	0.103
chr8	308101	INDEL	G	GAATTTTGAGATAATTGTTGGGATT	16,3	0.167
chr8	322363	SNP	A	T	59,3	0.057
chr8	329987	SNP	G	T	42,3	0.118
chr8	337070	INDEL	TA	T	18,4	0.196
chr8	353553	SNP	G	T	26,3	0.129
chr8	365140	SNP	C	T	29,3	0.106
chr8	380325	SNP	G	A	33,3	0.118
chr8	396457	SNP	A	G	69,4	0.073
chr8	397225	SNP	G	A	59,3	0.082
chr8	399444	INDEL	C	CAATACAAAGGTGTGA	16,2	0.111
chr8	412129	SNP	A	T	25,4	0.191
chr8	416669	SNP	T	C	30,3	0.117
chr8	425250	SNP	T	G	27,3	0.130
chr8	473616	SNP	T	C	56,3	0.060
chr8	491578	SNP	G	A	77,4	0.093
chr8	494312	SNP	C	A	47,3	0.100
chr8	504295	SNP	A	G	35,4	0.132
chr8	507367	SNP	A	T	150,7	0.080
chr8	522210	SNP	C	T	74,6	0.080
chr8	522213	SNP	T	C	77,6	0.087
chr8	545298	SNP	T	G	37,8	0.180
chr8	546022	SNP	T	C	56,3	0.058
chr8	547199	INDEL	T	TAAAA	21,7	0.290
chr8	547397	SNP	C	T	56,3	0.074
chr9	19019	INDEL	TG	T	0,3	1.000
chr9	22068	INDEL	G	GAAA	32,3	0.086
chr9	22069	INDEL	G	GAGCTGACAA	32,3	0.086
chr9	22891	SNP	C	T	62,5	0.100
chr9	36342	INDEL	GTTCCT	G	13,2	0.206
chr9	36348	INDEL	C	CAGG	13,2	0.225
chr9	37922	SNP	T	A	28,3	0.100
chr9	51521	SNP	C	G	9,2	0.182
chr9	52974	INDEL	C	CA	6,24	0.665
chr9	54884	SNP	G	A	32,3	0.097
chr9	58194	SNP	T	G	42,3	0.102
chr9	110792	SNP	C	T	38,5	0.181
chr9	112530	SNP	A	C	39,3	0.100
chr9	116055	SNP	C	A	33,3	0.095
chr9	134965	INDEL	C	CCCGGCCACTT	0,21	0.875
chr9	138039	INDEL	A	ATTT	1,23	0.764
chr9	139782	INDEL	TTATATATATATA	T	0,30	0.888
chr9	155207	SNP	C	A	29,4	0.143
chr9	158899	INDEL	A	ATTTTT	3,6	0.548
chr9	165134	INDEL	C	CTGCTGCTGTTGT	49,3	0.237
chr9	244428	SNP	G	T	78,3	0.054
chr9	245461	SNP	C	A	52,3	0.062
chr9	264111	SNP	G	T	25,3	0.107
chr9	274107	SNP	C	T	22,3	0.120
chr9	277228	INDEL	GC	G	37,3	0.114
chr9	284867	SNP	A	T	22,3	0.120
chr9	305533	SNP	G	A	33,3	0.100
chr9	307041	SNP	C	T	43,3	0.070
chr9	322195	SNP	G	T	75,3	0.056
chr9	322200	SNP	G	A	70,3	0.041
chr9	341597	SNP	C	A	36,3	0.100
chr9	344100	SNP	G	T	32,3	0.118
chr9	347745	SNP	C	A	26,4	0.156
chr9	356353	SNP	A	T	37,4	0.121
chr9	357806	INDEL	T	TATATAC,TATATATAC	0,6,2	0.680,0.316
chr9	367756	INDEL	C	CATATAT,CATATATAT	0,18,2	0.782,0.165
chr9	369162	INDEL	A	ACTGG	29,4	0.149
chr9	371253	SNP	G	T	67,4	0.087
chr9	374618	INDEL	T	TA	4,28	0.678
chr9	377925	SNP	C	T	35,4	0.131
chr9	381852	INDEL	CAAAAAA	C	21,5	0.361
chr9	384407	INDEL	G	GAATACATATTCATTTACATATTTTTTAGTTCAAAA	67,3	0.071
chr9	386540	SNP	T	C	29,18	0.397
chr9	389191	INDEL	C	CTCTTGCGACATTT	0,38	0.885
chr9	394808	SNP	A	G	40,3	0.132
chr9	433058	SNP	A	T	42,3	0.076
chr10	15398	INDEL	A	AGACAAATTTCTGCGAACACAAGC	0,12	0.891
chr10	18522	SNP	C	T	30,3	0.091
chr10	22565	INDEL	C	CTTAT,CTTATT	0,5,19	0.288,0.621
chr10	30000	INDEL	G	GA	7,22	0.663
chr10	50409	SNP	G	A	31,3	0.100
chr10	50874	SNP	T	A	26,3	0.117
chr10	52533	INDEL	A	ATTTTTCCT	15,2	0.170
chr10	52538	INDEL	A	AATCTGGAAGATATT	16,2	0.161
chr10	58222	SNP	T	A	40,3	0.070
chr10	69220	SNP	C	A	29,5	0.207
chr10	80239	SNP	C	T	41,4	0.115
chr10	98499	SNP	A	T	30,3	0.125
chr10	101662	SNP	T	C	61,3	0.081
chr10	108503	SNP	C	T	90,3	0.059
chr10	120601	SNP	C	G	23,2	0.111
chr10	122618	SNP	G	A	35,3	0.079
chr10	136638	SNP	A	T	45,3	0.071
chr10	140809	SNP	T	G	93,3	0.046
chr10	153929	MIXED	CT	C,TT	62,5,7	0.143,0.116
chr10	159053	SNP	A	C	27,4	0.151
chr10	174249	SNP	A	C	32,3	0.097
chr10	202204	SNP	A	T	27,3	0.100
chr10	206402	INDEL	T	TACTTTG	27,6	0.160
chr10	207436	SNP	C	A	34,3	0.103
chr10	228092	SNP	T	A	34,3	0.103
chr10	234806	SNP	G	T	39,3	0.091
chr10	240795	SNP	T	A	46,3	0.100
chr10	258794	SNP	C	A	32,3	0.086
chr10	262366	INDEL	ATT	A,AT	34,3,6	0.121,0.185
chr10	262750	SNP	G	A	31,3	0.111
chr10	274901	SNP	A	G	42,4	0.112
chr10	279612	SNP	A	T	42,4	0.123
chr10	284943	INDEL	T	TGGTGTGTGGGTGTGGTGTGTGGG	27,3	0.100
chr10	291362	SNP	T	C	44,4	0.099
chr10	294214	SNP	A	C	46,3	0.061
chr10	295515	SNP	C	A	45,3	0.072
chr10	317244	SNP	T	C	35,4	0.113
chr10	317375	SNP	G	A	36,4	0.136
chr10	318268	SNP	T	G	35,3	0.079
chr10	325778	MNP	AC	GG	22,5	0.207
chr10	351626	SNP	T	A	65,3	0.076
chr10	376423	SNP	T	C	22,3	0.148
chr10	383582	SNP	T	C	43,3	0.081
chr10	388099	MNP	TT	GC	34,3	0.081
chr10	393940	SNP	T	C	25,3	0.121
chr10	422595	SNP	A	T	18,2	0.161
chr10	447074	SNP	G	A	47,3	0.079
chr10	490689	INDEL	A	AATATATATATAT	0,13	0.838
chr10	534150	SNP	A	T	31,4	0.114
chr10	557198	MNP	AAA	TGT	14,2	0.146
chr10	566956	SNP	G	A	19,3	0.157
chr10	573511	SNP	G	A	30,3	0.103
chr10	613211	INDEL	C	CCCAATTCTTTAACAAGG	17,3	0.193
chr10	615661	SNP	G	A	15,3	0.167
chr10	630291	SNP	C	T	30,3	0.103
chr10	654545	SNP	G	A	41,3	0.078
chr10	668781	SNP	A	C	57,3	0.050
chr10	673534	SNP	C	A	15,3	0.161
chr10	707903	SNP	A	C	1,6	0.857
chr11	17062	SNP	C	A	28,3	0.143
chr11	26466	INDEL	C	CATAT	0,7	0.768
chr11	33320	SNP	G	A	35,3	0.103
chr11	42210	INDEL	C	CTTA	0,18	0.874
chr11	43085	SNP	T	A	32,3	0.086
chr11	45538	INDEL	T	TTTTTTG	34,3	0.102
chr11	47574	SNP	C	T	10,2	0.167
chr11	54981	SNP	C	T	39,3	0.082
chr11	62200	SNP	C	T	21,3	0.186
chr11	64040	SNP	T	C	1,112	0.715
chr11	68706	SNP	C	T	10,2	0.250
chr11	78639	INDEL	TTATA	T	14,2	0.171
chr11	89852	SNP	A	T	21,3	0.140
chr11	90594	SNP	T	G	33,3	0.145
chr11	103619	INDEL	G	GCTTGTCTAGTAGAGAATAGGATTGGATTAAAGA	6,2	0.275
chr11	119523	SNP	T	C	21,4	0.185
chr11	136925	SNP	A	G	32,3	0.089
chr11	139652	INDEL	C	CA	19,2	0.130
chr11	141526	SNP	G	A	65,3	0.070
chr11	143302	SNP	G	A	60,4	0.103
chr11	150141	SNP	G	T	27,3	0.116
chr11	168988	INDEL	CA	C	45,4	0.099
chr11	196226	SNP	A	T	41,3	0.068
chr11	196775	SNP	T	C	51,3	0.083
chr11	197717	SNP	T	G	44,3	0.064
chr11	197947	SNP	C	A	18,2	0.119
chr11	197954	SNP	C	T	18,2	0.152
chr11	202612	SNP	A	G	13,3	0.200
chr11	229566	SNP	T	A	37,3	0.075
chr11	235142	SNP	G	C	62,3	0.074
chr11	247821	SNP	C	T	28,3	0.141
chr11	264537	SNP	C	A	26,3	0.117
chr11	273436	INDEL	CT	C	35,3	0.110
chr11	280054	SNP	G	A	53,3	0.071
chr11	292653	SNP	C	T	43,3	0.092
chr11	299106	INDEL	C	CAT	27,3	0.100
chr11	304923	INDEL	T	TACAAAAATCATGTTATTCTGGCCAATCTGGTTAAATATTCGCTGCCAACAGGAA	15,2	0.118
chr11	315361	INDEL	T	TCTTTGTATTCA	28,3	0.157
chr11	324848	SNP	T	C	37,3	0.114
chr11	342595	SNP	T	A	59,5	0.129
chr11	356419	SNP	C	A	58,3	0.072
chr11	358752	SNP	A	G	37,3	0.098
chr11	361120	SNP	C	A	51,3	0.100
chr11	365728	SNP	G	T	38,3	0.093
chr11	417863	INDEL	G	GAAAATGAACAAGT	21,5	0.208
chr11	422590	SNP	T	C	33,3	0.095
chr11	434982	SNP	C	A	71,7	0.099
chr11	436179	SNP	T	C	44,3	0.073
chr11	465016	INDEL	G	GTATA	1,9	0.762
chr11	467057	SNP	C	T	77,5	0.086
chr11	469662	SNP	A	T	32,3	0.108
chr11	487135	SNP	C	T	36,3	0.088
chr11	498125	SNP	A	G	36,3	0.088
chr11	511699	INDEL	T	TTC	53,3	0.054
chr11	517521	SNP	T	A	23,6	0.207
chr11	554739	SNP	T	A	34,3	0.100
chr11	558403	INDEL	T	TA	46,3	0.078
chr11	561296	INDEL	C	CA	16,2	0.111
chr11	609030	SNP	G	C	18,3	0.143
chr11	625919	SNP	C	T	22,3	0.120
chr11	626134	SNP	T	C	48,3	0.059
chr11	626139	SNP	T	G	49,3	0.058
chr11	630138	SNP	A	G	44,3	0.110
chr11	630938	INDEL	T	TA	40,18	0.346
chr12	1887	SNP	T	C	0,7	0.850
chr12	1910	SNP	A	G	0,7	0.850
chr12	5428	SNP	T	C	0,4	1.000
chr12	14557	INDEL	A	AT	4,9	0.574
chr12	22066	SNP	G	A	35,3	0.079
chr12	31364	SNP	T	A	19,2	0.095
chr12	33188	SNP	C	A	26,3	0.117
chr12	49477	SNP	A	G	31,3	0.111
chr12	79174	INDEL	C	CGATG	18,2	0.165
chr12	80227	SNP	T	C	46,3	0.070
chr12	86732	INDEL	TA	T	17,32	0.578
chr12	105638	SNP	C	T	71,3	0.106
chr12	122004	INDEL	GAAA	G	18,14	0.481
chr12	124087	SNP	G	T	20,3	0.160
chr12	130096	INDEL	C	CTGTGACTGTGACTGGGGT	0,68	0.874
chr12	161613	INDEL	TAA	T	16,3	0.209
chr12	163397	SNP	C	G	26,3	0.141
chr12	170082	SNP	A	T	28,3	0.097
chr12	189707	INDEL	T	TTTC	46,3	0.077
chr12	195749	SNP	C	A	45,5	0.095
chr12	246029	SNP	C	T	44,4	0.108
chr12	291968	INDEL	G	GA	3,11	0.688
chr12	309793	SNP	A	T	31,4	0.123
chr12	311275	SNP	G	A	28,3	0.109
chr12	316551	INDEL	C	CAGAA	19,2	0.095
chr12	327662	INDEL	T	TGGGGGG	0,9	0.845
chr12	343354	SNP	G	T	43,3	0.083
chr12	348386	INDEL	G	GTTGCA	19,3	0.136
chr12	354681	INDEL	CT	C	35,4	0.131
chr12	355299	SNP	C	T	13,2	0.155
chr12	355303	INDEL	A	AGATGTCGTTCGTAAATCT	15,4	0.211
chr12	361086	SNP	G	T	35,3	0.110
chr12	373781	SNP	C	A	45,3	0.080
chr12	383038	SNP	G	A	33,3	0.095
chr12	412550	SNP	T	A	66,3	0.086
chr12	416129	SNP	C	A	36,4	0.119
chr12	423529	SNP	C	A	39,3	0.084
chr12	439699	SNP	A	T	25,3	0.124
chr12	525626	SNP	G	A	41,3	0.100
chr12	525681	SNP	T	G	48,3	0.076
chr12	543595	SNP	G	A	24,3	0.138
chr12	556608	SNP	A	G	37,3	0.095
chr12	568120	SNP	G	C	36,3	0.077
chr12	601589	SNP	A	G	57,3	0.075
chr12	608526	SNP	A	G	18,3	0.143
chr12	611223	INDEL	C	CGTTTGTATCCATGAGGAGAATGAGTTCACT	18,3	0.143
chr12	624218	SNP	T	A	34,3	0.092
chr12	624225	INDEL	T	TCATACTTGG	33,5	0.132
chr12	631024	SNP	A	T	21,3	0.125
chr12	632303	SNP	G	T	23,3	0.115
chr12	647770	SNP	T	G	25,3	0.156
chr12	651048	SNP	A	T	1,2	0.667
chr12	676712	SNP	T	G	30,3	0.091
chr12	692687	SNP	G	A	33,3	0.095
chr12	692872	SNP	G	T	28,3	0.120
chr12	695297	SNP	C	T	25,3	0.107
chr12	702452	SNP	G	T	18,4	0.182
chr12	704171	SNP	G	A	50,3	0.075
chr12	712990	SNP	A	C	38,3	0.098
chr12	742610	SNP	C	A	28,3	0.097
chr12	786158	SNP	T	C	35,3	0.092
chr12	827430	SNP	C	A	30,3	0.114
chr12	837434	INDEL	CAT	C	0,15	0.993
chr12	873438	INDEL	AC	A	23,3	0.130
chr12	874841	MNP	TA	AT	34,3	0.092
chr12	904415	SNP	C	G	35,5	0.134
chr12	906266	SNP	C	T	28,3	0.097
chr12	914985	SNP	A	T	33,3	0.121
chr12	924239	SNP	G	C	45,3	0.090
chr12	924245	INDEL	ATGGTACAATATATTCTGGTTTGATATGTGC	A	59,3	0.056
chr12	932959	SNP	C	A	27,3	0.107
chr12	941594	MNP	AT	CC	14,2	0.125
chr12	941603	SNP	T	C	13,2	0.133
chr12	961679	INDEL	G	GGCATCCAAAGCTGTGCTC	27,3	0.124
chr12	981567	SNP	C	T	41,5	0.125
chr12	999118	SNP	A	G	124,5	0.050
chr12	999127	MNP	AG	GA	120,5	0.041
chr12	1001784	SNP	T	C	30,3	0.114
chr12	1012688	SNP	G	A	19,4	0.192
chr12	1020876	SNP	T	C	54,3	0.097
chr12	1052491	INDEL	A	ACGTGATGGTGTTGGAACGAAACCCTATCATCATCTATTGACCAGTGTTCATGT	46,4	0.117
chr12	1061823	SNP	C	T	3,2	0.400
chr12	1063453	SNP	T	C	7,6	0.467
chr12	1063610	SNP	A	G	1,4	0.800
chr13	81934	SNP	G	A	51,3	0.086
chr13	100647	SNP	G	T	30,3	0.106
chr13	101886	SNP	T	C	16,3	0.158
chr13	110966	INDEL	A	AAAACAATCAGGC	1,30	0.768
chr13	120601	MIXED	G	GTTC,GTTCTTC,C	3,3,107,3	0.152,0.650,0.056
chr13	158394	INDEL	TAA	T	4,10	0.606
chr13	175897	INDEL	G	GTCTTCTTCTTCT	2,37	0.737
chr13	179682	SNP	T	A	56,3	0.066
chr13	204797	SNP	T	C	51,3	0.071
chr13	204801	SNP	C	T	49,3	0.058
chr13	220100	SNP	C	G	41,3	0.122
chr13	223256	SNP	C	T	24,3	0.165
chr13	251651	SNP	A	G	39,3	0.091
chr13	270678	SNP	C	A	25,3	0.145
chr13	275067	SNP	A	G	53,4	0.108
chr13	308001	SNP	G	T	36,3	0.077
chr13	322306	SNP	A	C	30,3	0.115
chr13	332538	INDEL	TTAGTTCATCACC	T	54,3	0.096
chr13	346455	SNP	T	A	51,3	0.073
chr13	349376	SNP	A	G	39,3	0.081
chr13	371810	SNP	T	G	31,3	0.111
chr13	387024	INDEL	A	ATTT	2,15	0.681
chr13	409917	SNP	T	A	110,3	0.039
chr13	412533	SNP	C	A	34,3	0.084
chr13	412712	SNP	G	T	19,5	0.216
chr13	451366	SNP	C	A	33,3	0.097
chr13	460278	SNP	A	T	43,3	0.065
chr13	467302	SNP	C	A	31,3	0.114
chr13	483637	INDEL	GA	G	3,6	0.585
chr13	511832	SNP	G	A	29,3	0.118
chr13	531619	SNP	A	T	31,3	0.088
chr13	557270	SNP	A	T	20,3	0.160
chr13	557507	SNP	T	C	26,3	0.123
chr13	561773	INDEL	AATATAT	A	0,8	0.945
chr13	564334	SNP	G	A	32,3	0.108
chr13	569403	SNP	T	A	38,4	0.111
chr13	583403	INDEL	G	GACAAATACAGCTACAGCTACCGGCGAAGATTC	34,3	0.100
chr13	584794	SNP	C	G	30,3	0.103
chr13	614723	SNP	A	G	23,3	0.119
chr13	617125	SNP	T	C	37,3	0.107
chr13	704368	INDEL	A	AGTTTTGGCCTTGTTGCTGGT	21,3	0.163
chr13	710798	SNP	C	T	43,3	0.092
chr13	725760	SNP	C	T	34,3	0.113
chr13	744309	INDEL	C	CAGTAAATCGAAGAAAATTAAA	27,3	0.143
chr13	756715	INDEL	G	GTTTT	26,4	0.252
chr13	766834	SNP	T	G	27,3	0.116
chr13	778520	INDEL	A	ATCGAGACTGCTTCGTGTTC	30,3	0.102
chr13	779191	INDEL	CTT	C,CT,CTTT	24,3,3,3	0.136,0.137,0.146
chr13	811064	INDEL	G	GGTTGTTGTT	9,44	0.615
chr13	811785	INDEL	A	ATGTATGATATCCGTTGGTTT	68,3	0.096
chr13	813871	SNP	T	C	102,4	0.047
chr13	822924	SNP	G	A	23,3	0.146
chr13	823776	SNP	G	T	46,3	0.096
chr13	829564	SNP	T	A	36,3	0.098
chr13	885544	SNP	A	G	60,3	0.081
chr13	908227	SNP	A	G	66,7	0.164
chr13	919463	SNP	T	G	54,3	0.061
chr14	9745	SNP	A	G	25,10	0.286
chr14	38043	SNP	C	A	43,3	0.100
chr14	38300	INDEL	T	TTGAGAAAGCAATCTTTTTGAGCGGC	40,3	0.070
chr14	96482	SNP	C	A	18,3	0.174
chr14	98456	SNP	T	C	14,5	0.263
chr14	99157	SNP	T	C	0,4	1.000
chr14	118808	INDEL	GAAAA	G,GA	2,18,4	0.681,0.197
chr14	129879	SNP	G	T	59,4	0.090
chr14	131464	INDEL	T	TGGAGGAGGA	0,21	0.918
chr14	135719	INDEL	C	CATACATACATAT,CATACATACATATAT	0,5,9	0.371,0.562
chr14	178459	SNP	A	T	46,4	0.104
chr14	181084	INDEL	C	CA	22,10	0.334
chr14	186535	SNP	C	T	62,3	0.073
chr14	190072	SNP	A	C	36,3	0.090
chr14	195924	INDEL	CT	C	4,12	0.631
chr14	196432	SNP	C	A	18,3	0.174
chr14	198547	INDEL	TCGGCCGTGGCGGCCGCCA	T	13,2	0.133
chr14	202235	SNP	G	T	22,3	0.120
chr14	209644	SNP	T	C	25,4	0.161
chr14	215180	SNP	C	A	22,3	0.172
chr14	223134	INDEL	T	TCTTTCATTCAACCTTTCCAGCTTA	83,47	0.245
chr14	225785	SNP	A	G	28,3	0.153
chr14	231893	INDEL	G	GTGGGTGTGGGTGTGGTGTGGGTGTGGTGTGGGTGTGGTGTGTGGGTGTGGGTGTGGGTGTGGTGT	31,3	0.108
chr14	254236	INDEL	A	ACATC	38,3	0.073
chr14	268580	SNP	G	T	82,3	0.061
chr14	270578	SNP	G	A	70,3	0.071
chr14	292651	SNP	G	A	24,3	0.148
chr14	298347	SNP	T	A	40,5	0.138
chr14	300693	INDEL	T	TAAAAA	13,25	0.559
chr14	310445	SNP	C	T	25,3	0.107
chr14	429544	INDEL	TTATA	T,TTATATA	20,2,2	0.148,0.161
chr14	444420	INDEL	C	CTTTT	13,3	0.326
chr14	462632	SNP	A	C	29,3	0.118
chr14	466472	SNP	G	A	30,3	0.103
chr14	477881	SNP	A	G	32,3	0.098
chr14	479228	INDEL	AT	A	23,13	0.425
chr14	479759	SNP	C	A	28,3	0.121
chr14	480705	INDEL	C	CAGGGGGGGTTACCTACTTAAAAGGGGTCGCTACTAAGTATACTATCGTCTTGACTGTCGGG	24,3	0.133
chr14	484483	INDEL	A	AC	56,3	0.051
chr14	484488	MNP	TGC	GTA	59,3	0.062
chr14	490432	MNP	TG	CA	27,3	0.113
chr14	491222	INDEL	G	GC	17,3	0.150
chr14	491223	INDEL	T	TGTCCATATA	17,3	0.150
chr14	517677	INDEL	A	ATC	33,3	0.093
chr14	521799	SNP	C	T	2,2	0.500
chr14	538207	INDEL	A	ACGGCGTAAATT	26,3	0.103
chr14	544919	SNP	C	A	59,3	0.090
chr14	551465	SNP	G	A	39,3	0.093
chr14	561533	SNP	T	C	23,3	0.116
chr14	561547	SNP	G	A	24,3	0.111
chr14	566264	SNP	A	G	12,4	0.265
chr14	567777	INDEL	G	GAACCAAAA	59,3	0.081
chr14	586091	SNP	G	T	44,3	0.064
chr14	604276	SNP	T	A	62,3	0.062
chr14	605463	SNP	T	A	19,2	0.114
chr14	622703	SNP	G	A	24,3	0.138
chr14	635114	SNP	G	A	32,3	0.086
chr14	672689	SNP	A	G	77,3	0.060
chr14	699211	SNP	C	A	32,3	0.097
chr14	727439	SNP	A	C	46,3	0.061
chr14	760671	INDEL	GC	G	76,3	0.055
chr14	771051	SNP	T	C	35,3	0.079
chr14	771600	SNP	G	T	39,3	0.102
chr14	778598	SNP	G	T	30,3	0.094
chr14	782893	SNP	G	T	37,3	0.086
chr15	7737	SNP	G	T	24,4	0.197
chr15	18280	SNP	C	A	36,3	0.088
chr15	25298	SNP	C	T	28,7	0.231
chr15	25857	SNP	T	A	33,3	0.083
chr15	25869	SNP	T	C	33,3	0.083
chr15	29195	INDEL	GGTGACAGTCTTAGTGTTACAGCCGTTGTCGTCACAGTGAGTAACGGTAACAGTAGTGTATGATTTTGGAGAAGTAGTAGTTGCTGAAGTTTCTTCAGGACATTCAGAA	G	78,22	0.201
chr15	45643	INDEL	T	TAGTTTCAAGGTGACAGGTTATGAA	14,2	0.125
chr15	51499	INDEL	TGAA	T	42,3	0.111
chr15	53421	SNP	A	C,T	44,3,2	0.069,0.049
chr15	65903	SNP	G	A	32,3	0.086
chr15	67427	SNP	T	A	33,4	0.160
chr15	76676	SNP	T	G	36,3	0.077
chr15	102951	SNP	C	A	46,3	0.096
chr15	114394	SNP	C	T	34,3	0.133
chr15	144340	SNP	T	C	33,4	0.111
chr15	168405	SNP	A	C	27,3	0.100
chr15	170181	SNP	G	A	65,3	0.077
chr15	172334	SNP	T	C	108,3	0.060
chr15	191889	SNP	C	T	52,3	0.085
chr15	198901	SNP	T	A	35,3	0.092
chr15	231863	SNP	C	T	44,3	0.064
chr15	271020	SNP	G	A	47,3	0.084
chr15	303545	SNP	A	G	36,3	0.107
chr15	315637	SNP	T	G	41,3	0.091
chr15	318201	SNP	C	G	29,3	0.118
chr15	323637	SNP	G	T	43,3	0.075
chr15	341223	INDEL	A	AGAACGGATGACGAAGCGTAT	18,3	0.183
chr15	346225	SNP	G	C	22,3	0.120
chr15	351511	SNP	A	T	18,3	0.148
chr15	355079	INDEL	AATAT	A,AAT	12,4,2	0.231,0.168
chr15	355775	SNP	A	G	28,3	0.097
chr15	398285	SNP	C	T	22,3	0.194
chr15	400232	SNP	G	T	17,3	0.167
chr15	405106	SNP	T	C	31,3	0.144
chr15	453886	SNP	A	G	33,3	0.095
chr15	462749	SNP	C	T	10,2	0.167
chr15	462752	SNP	C	A	11,2	0.154
chr15	464594	SNP	A	G	50,3	0.108
chr15	475140	SNP	T	A	88,3	0.055
chr15	477304	SNP	G	T	27,3	0.113
chr15	486873	SNP	A	G	34,3	0.081
chr15	502740	SNP	A	C	51,3	0.072
chr15	504726	INDEL	A	AAAC	15,3	0.189
chr15	519080	SNP	G	A	64,3	0.061
chr15	526553	SNP	A	G	32,3	0.108
chr15	526902	SNP	G	A	15,3	0.200
chr15	537251	MIXED	AT	A,TT	55,5,7	0.180,0.116
chr15	538496	SNP	C	T	57,3	0.078
chr15	538567	SNP	A	T	39,3	0.074
chr15	552989	SNP	G	A	46,4	0.115
chr15	554225	SNP	G	A	57,3	0.072
chr15	557749	SNP	T	G	22,3	0.152
chr15	558075	SNP	A	C	19,3	0.167
chr15	559111	SNP	C	A	16,4	0.215
chr15	589069	SNP	C	A	29,3	0.094
chr15	594727	SNP	C	T	66,3	0.054
chr15	594919	SNP	A	G,T	23,2,3	0.072,0.107
chr15	611735	INDEL	A	AGTATTGATCTTGTTGG	27,4	0.140
chr15	649775	SNP	C	T	39,4	0.102
chr15	650176	MNP	CC	AA	22,3	0.134
chr15	667760	SNP	G	T	81,3	0.084
chr15	691078	SNP	A	T	9,2	0.239
chr15	703944	SNP	A	T	57,3	0.050
chr15	709841	SNP	A	G	30,3	0.114
chr15	720555	SNP	C	T	32,3	0.118
chr15	751860	SNP	G	A	31,3	0.141
chr15	757893	INDEL	T	TCATTGTCC	30,3	0.116
chr15	781545	SNP	G	T	28,3	0.109
chr15	792836	SNP	C	G	65,3	0.044
chr15	806769	SNP	C	G	34,3	0.095
chr15	817450	SNP	A	G	26,3	0.120
chr15	824111	INDEL	C	CTGACAGT	30,6	0.167
chr15	824648	SNP	A	T	91,3	0.093
chr15	880031	SNP	C	G	28,3	0.132
chr15	887796	SNP	C	A	38,3	0.102
chr15	902915	SNP	A	C	19,3	0.153
chr15	921244	SNP	C	A	44,3	0.064
chr15	936997	SNP	A	T	74,3	0.062
chr15	937003	SNP	T	C	74,4	0.065
chr15	939559	SNP	T	A	42,4	0.096
chr15	965704	SNP	G	A	22,3	0.172
chr15	970327	SNP	G	A	50,4	0.084
chr15	1042421	SNP	A	T	30,4	0.118
chr15	1065934	SNP	T	G	50,3	0.100
chr15	1073660	INDEL	C	CCATCATCTATAAAACTGACAGCTGGATTACTCCATCTCCAGAACCAGTCA	23,3	0.140
chr16	14813	SNP	G	T	21,3	0.125
chr16	14816	INDEL	TTCATA	T	23,3	0.115
chr16	40881	SNP	G	A	21,3	0.125
chr16	43966	SNP	G	A	36,3	0.080
chr16	73788	INDEL	G	GTGGGTGTGGTGTGGGTGTGGTGTGTGGTGTGTGGGTGTGGTGT	51,4	0.126
chr16	73789	SNP	C	G	51,6	0.152
chr16	77134	SNP	T	G	62,3	0.075
chr16	84988	SNP	G	T	33,3	0.115
chr16	93298	SNP	G	T	27,3	0.136
chr16	107089	SNP	T	C	57,3	0.050
chr16	121363	SNP	T	C	27,3	0.100
chr16	129730	SNP	C	A	19,3	0.180
chr16	134023	SNP	G	T	27,3	0.100
chr16	135953	INDEL	A	AAC	0,2	1.000
chr16	138301	SNP	A	T	42,3	0.104
chr16	139788	SNP	T	G	86,3	0.046
chr16	142750	SNP	G	A	33,3	0.128
chr16	148910	INDEL	A	AT	14,2	0.125
chr16	154500	SNP	A	G	43,3	0.075
chr16	162367	INDEL	GTATA	G,GTATATA	16,2,6	0.096,0.272
chr16	169992	SNP	C	T	26,3	0.117
chr16	182504	INDEL	C	CGTTA	54,3	0.081
chr16	196867	SNP	A	T	32,3	0.097
chr16	204339	INDEL	GT	G	47,3	0.077
chr16	211466	SNP	C	T	36,3	0.107
chr16	212817	INDEL	GATAT	G	7,2	0.299
chr16	216565	SNP	T	C	29,3	0.129
chr16	263307	SNP	C	T	53,3	0.092
chr16	267877	SNP	G	T	30,3	0.103
chr16	273847	SNP	C	A	25,4	0.182
chr16	281784	MIXED	C	T,CT	37,2,5	0.065,0.186
chr16	285879	SNP	C	A	26,3	0.162
chr16	325035	SNP	T	C	25,3	0.107
chr16	329089	SNP	G	A	39,4	0.148
chr16	341323	SNP	C	T	27,3	0.125
chr16	341631	SNP	G	A	33,3	0.095
chr16	353818	SNP	T	A	41,3	0.096
chr16	354109	SNP	T	A	171,4	0.059
chr16	407370	SNP	A	T	25,3	0.145
chr16	461181	SNP	T	G	43,3	0.075
chr16	463758	INDEL	TCACC	T	35,3	0.079
chr16	482414	SNP	G	T	35,3	0.108
chr16	558582	INDEL	A	ATTT	21,3	0.138
chr16	560584	SNP	G	A,T	58,7,3	0.106,0.047
chr16	563273	INDEL	CCAT	C	19,2	0.095
chr16	565249	SNP	A	G	29,3	0.118
chr16	586372	SNP	G	T	22,3	0.135
chr16	622777	SNP	T	C	31,3	0.088
chr16	642033	SNP	G	A	75,3	0.078
chr16	671901	SNP	A	C	36,3	0.077
chr16	695012	SNP	T	A	44,3	0.066
chr16	705179	SNP	C	T	27,4	0.181
chr16	710320	SNP	C	T	35,3	0.079
chr16	713701	SNP	C	T	31,3	0.111
chr16	732313	SNP	C	A	61,3	0.115
chr16	754717	SNP	G	A	53,7	0.134
chr16	763909	SNP	A	G	28,3	0.100
chr16	767659	SNP	C	T	24,3	0.146
chr16	769576	SNP	A	G	27,6	0.191
chr16	810548	SNP	C	T	35,5	0.134
chr16	810887	SNP	A	T	45,3	0.098
chr16	820100	SNP	T	A	32,3	0.097
chr16	831522	SNP	C	A	36,4	0.128
chr16	835409	SNP	G	A	31,3	0.088
chr16	836542	MNP	CA	TG	13,2	0.133
chr16	851481	SNP	C	T	169,3	0.020
chr16	851483	SNP	G	A	169,3	0.017
chr16	860624	SNP	C	A	22,3	0.135
chr16	869369	MNP	CTA	GCG	11,3	0.214
chr16	870112	SNP	G	A	55,3	0.070
chr16	895985	SNP	T	G	31,3	0.111
chr16	904334	INDEL	T	TAAATGTGGAA	17,2	0.105
chr16	906300	SNP	C	A	35,3	0.128
chr16	917428	MNP	GT	AG	36,3	0.114
chr16	920870	INDEL	CTGTGTGGCTTACACGCCTCTG	C	34,3	0.105
chr16	924886	SNP	G	T	22,3	0.161
chr16	941522	SNP	A	G	40,3	0.070
