CHROM	POS	TYPE	REF	ALT	JT4_CSFP210017624-2a_H3JNTDSX3_.AD	JT4_CSFP210017624-2a_H3JNTDSX3_.AF
chr1	113	SNP	A	C	46,17	0.270
chr1	115	SNP	C	A	46,17	0.273
chr1	7879	SNP	C	A	51,4	0.088
chr1	9607	SNP	A	G	53,4	0.092
chr1	14301	SNP	A	G	15,5	0.273
chr1	20700	SNP	A	T	23,3	0.130
chr1	27811	INDEL	T	TA	17,3	0.179
chr1	63215	SNP	G	T	22,3	0.120
chr1	67207	SNP	A	T	77,3	0.071
chr1	71208	SNP	G	T	21,3	0.140
chr1	86488	SNP	G	C	25,3	0.163
chr1	90978	INDEL	C	CAAA	0,3	0.622
chr1	100477	SNP	A	T	54,3	0.071
chr1	114111	SNP	T	A	27,4	0.129
chr1	119099	SNP	C	A	39,4	0.141
chr1	125331	SNP	T	A	28,3	0.132
chr1	125913	SNP	C	T	32,3	0.086
chr1	130723	SNP	T	A	0,3	0.999
chr1	137166	INDEL	AACCCGATG	A	11,2	0.154
chr1	142589	SNP	A	G	31,3	0.100
chr1	161694	INDEL	C	CTGATATGTTT	27,3	0.100
chr1	175899	INDEL	C	CA	17,2	0.125
chr1	183715	SNP	T	G	32,3	0.138
chr1	185625	MNP	CA	AG	18,2	0.119
chr1	191674	SNP	G	A	12,2	0.467
chr1	193050	SNP	A	G	11,2	0.154
chr1	194943	INDEL	C	CTT	0,2	0.833
chr1	197063	SNP	T	C	16,8	0.319
chr1	199566	SNP	G	C	29,4	0.133
chr1	199583	SNP	A	C	32,3	0.119
chr1	204387	INDEL	C	CACCATTGTCTAAGT	34,3	0.081
chr2	5730	SNP	A	C	4,2	0.333
chr2	16079	SNP	G	T	18,3	0.188
chr2	22586	SNP	C	G	39,3	0.119
chr2	29969	SNP	T	C	0,2	1.000
chr2	34246	SNP	G	A	0,3	0.691
chr2	43046	INDEL	CTTT	C	10,4	0.410
chr2	56204	SNP	G	A	25,3	0.121
chr2	58108	INDEL	C	CATATTTTTTGAGGGCA	19,2	0.095
chr2	66711	SNP	A	T	16,3	0.205
chr2	84750	INDEL	T	TAATGTGTCTGCTTTGGAAAAGGGTACTGGTAAGAGTAA	31,3	0.088
chr2	85240	INDEL	T	TGAA	18,2	0.100
chr2	91633	SNP	G	C	40,3	0.070
chr2	95650	SNP	G	A	23,3	0.133
chr2	112661	SNP	A	T	30,5	0.163
chr2	166037	SNP	T	C	8,2	0.255
chr2	167916	INDEL	C	CA	3,10	0.595
chr2	181235	SNP	G	T	22,4	0.167
chr2	182468	INDEL	T	TC	12,2	0.171
chr2	189300	SNP	T	G	44,3	0.066
chr2	202377	INDEL	T	TCA	14,2	0.147
chr2	212201	INDEL	TAA	T	28,4	0.137
chr2	218465	SNP	A	T	19,3	0.171
chr2	230002	SNP	G	A	27,3	0.113
chr2	235550	INDEL	ATATTCT	A	31,3	0.132
chr2	249999	SNP	T	C	44,3	0.082
chr2	256009	SNP	G	C	31,3	0.100
chr2	269914	SNP	C	G	20,3	0.131
chr2	279452	SNP	T	C	13,3	0.188
chr2	279457	SNP	T	A	11,3	0.214
chr2	281126	SNP	A	C	25,4	0.161
chr2	281758	INDEL	CT	C	29,3	0.129
chr2	293537	SNP	G	A	28,3	0.109
chr2	293546	SNP	G	T	28,3	0.097
chr2	294295	SNP	C	A	46,5	0.142
chr2	305410	SNP	C	T	14,3	0.211
chr2	307836	SNP	A	G	32,3	0.086
chr2	323981	SNP	G	A	14,3	0.211
chr2	334084	SNP	T	A	34,3	0.092
chr2	334530	SNP	A	G	30,4	0.129
chr2	338343	SNP	A	G	12,2	0.149
chr2	342613	SNP	G	A	61,3	0.049
chr2	346843	SNP	C	T	42,3	0.105
chr2	360461	SNP	C	A	28,3	0.100
chr2	375892	SNP	G	A	18,3	0.159
chr2	377718	SNP	C	T	31,3	0.100
chr2	381078	SNP	A	T	77,4	0.069
chr2	384468	SNP	C	T	29,3	0.129
chr2	392958	SNP	T	C	45,3	0.063
chr2	392962	INDEL	CA	C	45,3	0.080
chr2	395468	INDEL	GATGGC	G	27,3	0.100
chr2	400427	SNP	G	T	11,2	0.179
chr2	408539	SNP	C	G	11,3	0.233
chr2	410440	SNP	C	T	45,3	0.065
chr2	416579	SNP	G	T	37,3	0.105
chr2	441253	SNP	A	T	38,3	0.088
chr2	447554	INDEL	G	GGCCAGAAACAATTGGAAGCA	35,3	0.079
chr2	469814	SNP	G	A	33,3	0.111
chr2	493190	SNP	G	A	21,3	0.140
chr2	506213	SNP	C	A	11,2	0.154
chr2	506385	SNP	A	G	22,3	0.148
chr2	515745	SNP	A	G	25,3	0.107
chr2	516768	SNP	T	G	18,5	0.218
chr2	547948	SNP	A	G	33,4	0.128
chr2	555475	SNP	G	T	74,3	0.055
chr2	568850	SNP	G	A	41,5	0.127
chr2	596402	SNP	G	A	25,3	0.137
chr2	597867	SNP	G	T	20,4	0.167
chr2	611299	SNP	C	T	46,3	0.087
chr2	612876	INDEL	T	TTTA	56,3	0.051
chr2	615096	INDEL	T	TATAATAGATACACCGAAA	17,2	0.155
chr2	622180	SNP	G	T	16,2	0.247
chr2	626937	SNP	G	T	25,5	0.166
chr2	629159	SNP	A	G	53,3	0.054
chr2	637889	SNP	A	T	30,3	0.125
chr2	639270	MNP	GT	TG	0,2	1.000
chr2	641510	INDEL	CATATATATATATATATATATAT	C	0,7	0.895
chr2	643700	MNP	GT	CC	13,2	0.155
chr2	644158	SNP	G	A	31,4	0.153
chr2	647138	INDEL	C	CACCAATTGGCCA	10,3	0.231
chr2	650546	SNP	G	A	34,3	0.092
chr2	650621	SNP	G	T	29,3	0.129
chr2	656542	SNP	G	A	16,3	0.205
chr2	695742	SNP	C	A	23,4	0.152
chr2	704098	INDEL	T	TTCC	22,2	0.115
chr2	710184	INDEL	A	ATTGTAGATTTACT	23,3	0.115
chr2	723208	INDEL	C	CTACT	19,2	0.095
chr2	726315	SNP	G	T	13,3	0.187
chr2	726325	SNP	G	T	14,3	0.176
chr2	746104	SNP	G	T	21,3	0.219
chr2	748096	INDEL	A	AT	19,2	0.130
chr2	749736	INDEL	A	ATT	8,2	0.200
chr2	755264	MNP	TT	CC	19,2	0.095
chr2	760548	SNP	C	T	11,2	0.154
chr2	775641	SNP	G	A	110,4	0.047
chr2	775653	SNP	G	A	120,4	0.076
chr2	777237	SNP	A	G	19,3	0.152
chr2	779182	SNP	C	A	44,3	0.113
chr2	784593	SNP	T	C	39,4	0.138
chr2	784648	SNP	C	T	45,3	0.072
chr2	788243	SNP	T	A	28,3	0.121
chr2	789347	SNP	G	A	18,3	0.164
chr2	797838	SNP	C	A	70,3	0.068
chr2	803733	INDEL	C	CA	16,35	0.651
chr3	7457	SNP	G	A	45,3	0.063
chr3	16118	INDEL	T	TTTTTGTTTTCGTC	79,3	0.065
chr3	16121	INDEL	A	ATTGGTATTTGT	78,3	0.074
chr3	19005	SNP	T	G	88,3	0.040
chr3	24371	SNP	A	T	162,4	0.024
chr3	38364	INDEL	CA	C	34,13	0.384
chr3	76664	SNP	C	A	159,5	0.088
chr3	76674	SNP	T	A	168,6	0.074
chr3	81330	SNP	T	A	36,3	0.077
chr3	94846	INDEL	T	TA	41,3	0.127
chr3	95432	SNP	T	C	54,3	0.078
chr3	99299	SNP	T	A	72,3	0.071
chr3	109882	SNP	T	C	55,4	0.102
chr3	113827	SNP	C	A	46,3	0.070
chr3	115207	INDEL	A	ACACAGAAATTTTTTCAAAAAC	98,4	0.039
chr3	115232	SNP	C	T	72,3	0.103
chr3	140143	SNP	G	T	94,4	0.047
chr3	144022	SNP	C	T	37,3	0.086
chr3	149086	SNP	G	T	80,3	0.063
chr3	155559	SNP	C	T	25,26	0.508
chr3	157365	SNP	C	G	26,16	0.384
chr3	160779	SNP	C	A	41,3	0.078
chr3	162938	SNP	C	T	0,11	0.958
chr3	167083	SNP	G	T	69,4	0.072
chr3	170215	SNP	C	T	28,23	0.455
chr3	171749	SNP	C	G	20,23	0.534
chr3	177625	SNP	C	A	46,3	0.094
chr3	178218	SNP	C	T	22,15	0.408
chr3	178936	SNP	C	T	18,22	0.550
chr3	181461	SNP	A	G	72,3	0.059
chr3	185725	SNP	G	T	76,3	0.050
chr3	187494	SNP	C	G	28,13	0.315
chr3	187710	SNP	C	T	23,15	0.400
chr3	187977	SNP	C	G	22,22	0.500
chr3	189604	SNP	C	G	20,33	0.620
chr3	191206	INDEL	T	TTACATCTGATAAAGGAC	0,37	0.849
chr3	191782	SNP	T	A	62,3	0.073
chr3	198807	SNP	G	A	63,3	0.067
chr3	206650	SNP	C	A	19,26	0.578
chr3	211251	SNP	C	G	17,21	0.551
chr3	214290	SNP	C	T	82,3	0.090
chr3	214729	SNP	C	T	36,18	0.339
chr3	214862	SNP	C	T	26,30	0.531
chr3	215885	SNP	C	T	17,19	0.526
chr3	217134	SNP	C	T	18,22	0.550
chr3	220252	SNP	C	T	14,15	0.517
chr3	220471	SNP	C	G	19,16	0.460
chr3	233784	SNP	C	G	31,50	0.607
chr3	239286	INDEL	C	CACT	68,3	0.049
chr3	240910	SNP	G	A	41,3	0.068
chr3	241415	SNP	C	T	2,57	0.887
chr3	245977	INDEL	GTACATACATACATA	G	0,35	0.868
chr3	251162	SNP	C	A	42,3	0.078
chr3	260983	INDEL	T	TAC	62,3	0.064
chr3	264460	SNP	C	T	26,23	0.475
chr3	274639	SNP	G	T	49,4	0.089
chr3	274737	SNP	G	T	71,3	0.083
chr3	275807	SNP	C	T	65,4	0.104
chr3	292074	SNP	C	T	82,3	0.047
chr3	306735	SNP	G	A	0,11	0.958
chr4	5591	SNP	G	A	21,3	0.125
chr4	16839	SNP	G	A	18,3	0.143
chr4	21797	SNP	G	A	18,2	0.100
chr4	27870	SNP	T	G	52,3	0.070
chr4	35747	SNP	G	A	29,3	0.118
chr4	36677	SNP	G	A	18,2	0.135
chr4	58769	SNP	C	A	27,3	0.100
chr4	64355	SNP	G	C	39,4	0.102
chr4	78988	SNP	T	C	24,3	0.125
chr4	79934	SNP	A	T	33,3	0.083
chr4	80788	SNP	T	C	26,3	0.117
chr4	83458	SNP	C	T	31,4	0.147
chr4	87460	SNP	A	T	79,4	0.071
chr4	93988	SNP	C	A	17,3	0.167
chr4	97253	INDEL	G	GTTTCGCATCTGACTCGCCCTTGGTTTTTTTCT	34,3	0.091
chr4	99747	INDEL	A	ATTTTT	4,22	0.640
chr4	105305	SNP	C	A	19,3	0.166
chr4	105307	INDEL	C	CAATGG	19,3	0.152
chr4	111461	SNP	T	C	94,3	0.045
chr4	124618	INDEL	T	TTTG	17,3	0.150
chr4	125180	INDEL	ATTTT	A	8,11	0.516
chr4	132808	INDEL	G	GTGTC	18,2	0.100
chr4	135122	SNP	C	T	26,3	0.172
chr4	146123	SNP	C	A	22,3	0.120
chr4	155185	INDEL	G	GCTTCGAATATTTCAATTTCAGCTT	11,2	0.251
chr4	167107	SNP	A	G	57,3	0.061
chr4	172116	SNP	G	T	19,3	0.152
chr4	180379	SNP	T	A	28,3	0.097
chr4	205708	SNP	C	A	18,3	0.159
chr4	211178	SNP	A	T	22,5	0.227
chr4	225469	INDEL	ATATATATATATATATATATATGTATATATATATG	A	31,3	0.132
chr4	228671	INDEL	A	AAAATCG	12,2	0.166
chr4	238775	INDEL	CATATATAT	C	0,8	0.837
chr4	253997	SNP	T	G	27,3	0.103
chr4	291171	SNP	G	A	37,3	0.085
chr4	318154	SNP	G	A	45,3	0.106
chr4	321613	SNP	C	T	17,3	0.150
chr4	323252	INDEL	T	TACAAGAAGAAAGTAACAAAAG	25,3	0.130
chr4	334229	INDEL	A	ACTTG	12,2	0.143
chr4	342644	INDEL	G	GTA	1,7	0.833
chr4	346976	SNP	A	C	36,3	0.108
chr4	363455	SNP	C	A	18,3	0.143
chr4	365063	SNP	G	A	35,3	0.090
chr4	366888	INDEL	AG	A	16,2	0.132
chr4	369880	SNP	A	T	38,3	0.078
chr4	373097	MNP	TT	GG	22,4	0.200
chr4	374300	SNP	G	T	34,3	0.081
chr4	375541	SNP	G	T	8,2	0.200
chr4	384859	INDEL	CAAGATAAT	C	19,2	0.114
chr4	385061	SNP	T	A	19,2	0.111
chr4	391083	SNP	G	A	44,3	0.082
chr4	395594	SNP	C	T	23,3	0.119
chr4	404888	SNP	T	C	30,3	0.091
chr4	404892	SNP	A	T	30,3	0.103
chr4	406381	SNP	G	A	19,3	0.136
chr4	413158	SNP	A	C	28,3	0.143
chr4	414482	SNP	G	T	26,3	0.104
chr4	419544	SNP	A	T	20,3	0.130
chr4	437131	SNP	A	C	11,2	0.179
chr4	462321	SNP	C	T	19,3	0.180
chr4	463629	INDEL	GAACA	G	12,2	0.143
chr4	464712	SNP	G	A	28,3	0.124
chr4	480011	SNP	C	A	72,3	0.069
chr4	481619	SNP	A	T	9,2	0.182
chr4	487832	INDEL	AAGG	A	11,2	0.179
chr4	491707	SNP	C	T	37,3	0.078
chr4	498539	SNP	C	T	38,3	0.086
chr4	508113	SNP	A	G	28,5	0.159
chr4	520011	INDEL	A	ACAGGTTTTTGTTCAACAAAAG	21,3	0.138
chr4	538411	SNP	G	T	29,3	0.094
chr4	538412	INDEL	C	CATTG	29,3	0.094
chr4	539260	INDEL	C	CG	25,3	0.121
chr4	541901	SNP	G	C	30,3	0.145
chr4	547187	INDEL	G	GT	4,7	0.534
chr4	552242	SNP	T	C	6,2	0.250
chr4	557945	SNP	A	T	38,3	0.105
chr4	568781	SNP	G	A	26,3	0.103
chr4	568789	SNP	G	C	25,3	0.121
chr4	569038	INDEL	T	TA	14,2	0.125
chr4	579976	SNP	T	C	28,3	0.097
chr4	591528	MNP	CT	AA	53,3	0.069
chr4	594203	SNP	T	A	13,3	0.188
chr4	595887	SNP	G	T	24,3	0.138
chr4	605700	SNP	A	T	45,3	0.119
chr4	624414	INDEL	A	AATACACGCAGTCAGT	40,3	0.097
chr4	632030	SNP	G	T	10,3	0.294
chr4	632738	SNP	G	A	10,2	0.167
chr4	641304	SNP	C	A	24,4	0.143
chr4	643864	SNP	C	A	32,3	0.157
chr4	664119	SNP	G	T	26,4	0.156
chr4	680879	INDEL	TC	T	18,3	0.212
chr4	682835	INDEL	A	ACG	14,2	0.166
chr4	689897	SNP	C	A	41,3	0.068
chr4	721153	INDEL	T	TAGGAAACCGGCTCAAA	10,2	0.167
chr4	734873	INDEL	G	GTAATATTTAAT	27,3	0.133
chr4	740177	SNP	A	G	33,3	0.095
chr4	741570	SNP	T	A	19,2	0.095
chr4	741575	SNP	T	C	19,2	0.130
chr4	742464	INDEL	T	TCATTAGAGGCTAAAGAATCGG	25,3	0.154
chr4	744665	SNP	C	T	22,3	0.124
chr4	746353	SNP	C	A	18,3	0.143
chr4	753728	SNP	T	G	32,3	0.097
chr4	756262	SNP	G	C	0,2	0.750
chr4	757770	SNP	A	G	7,5	0.417
chr4	766332	SNP	C	A	24,3	0.126
chr4	773268	INDEL	CA	C	28,3	0.097
chr4	786667	SNP	A	T	30,3	0.114
chr4	798995	SNP	A	G	29,3	0.118
chr4	803311	INDEL	AT	A	6,2	0.250
chr4	803469	SNP	A	G	29,3	0.121
chr4	803490	SNP	G	A	30,4	0.132
chr4	803601	SNP	G	A	62,4	0.106
chr4	805124	INDEL	G	GAACAGCATTATTTAA	22,3	0.147
chr4	811439	SNP	A	G	19,2	0.095
chr4	815188	SNP	T	G	43,3	0.084
chr4	818881	MNP	TG	CA	19,4	0.174
chr4	824982	INDEL	GA	G	34,5	0.140
chr4	828077	INDEL	A	ATTT	10,2	0.210
chr4	851195	INDEL	A	AAGTTGTTCATTTC	18,2	0.118
chr4	867751	SNP	G	A	45,3	0.092
chr4	877230	SNP	T	C	0,4	1.000
chr4	883149	SNP	T	C	42,3	0.109
chr4	914235	SNP	G	A	17,3	0.150
chr4	914247	SNP	C	T	18,3	0.143
chr4	931052	SNP	C	A	10,3	0.231
chr4	968141	SNP	A	G	16,3	0.191
chr4	991480	INDEL	GTAAAATC	G	41,3	0.068
chr4	996039	INDEL	C	CAGAT	18,2	0.100
chr4	1000578	SNP	T	G	36,3	0.098
chr4	1000583	SNP	A	T	36,3	0.077
chr4	1003624	SNP	A	C	28,3	0.135
chr4	1022484	SNP	G	T	33,3	0.105
chr4	1025563	INDEL	TG	T	18,2	0.137
chr4	1027072	SNP	G	A	18,2	0.119
chr4	1036109	MNP	AT	TG	9,2	0.206
chr4	1062792	INDEL	A	AATG	18,2	0.151
chr4	1072686	INDEL	T	TGC	14,2	0.125
chr4	1075717	SNP	G	T	8,2	0.210
chr4	1077156	SNP	T	C	25,3	0.156
chr4	1082676	SNP	G	A	10,2	0.167
chr4	1089096	INDEL	C	CTG	16,2	0.111
chr4	1102827	SNP	T	A	37,3	0.078
chr4	1103065	SNP	T	A	37,3	0.098
chr4	1105826	INDEL	T	TTTA	19,2	0.113
chr4	1107834	INDEL	ATG	A	27,3	0.113
chr4	1124446	SNP	G	A	34,3	0.081
chr4	1142703	SNP	C	T	10,2	0.192
chr4	1143608	SNP	A	C	33,3	0.116
chr4	1163181	SNP	G	T	34,4	0.151
chr4	1166631	SNP	A	T	29,3	0.106
chr4	1166637	SNP	G	A	28,6	0.222
chr4	1170807	SNP	C	A	31,6	0.178
chr4	1174060	SNP	A	T	63,4	0.073
chr4	1174066	SNP	G	A	57,7	0.127
chr4	1185709	SNP	A	C	75,3	0.061
chr4	1187168	SNP	G	T	32,3	0.097
chr4	1196101	MNP	AC	TT	32,3	0.086
chr4	1196386	SNP	C	G	16,2	0.111
chr4	1223183	INDEL	AATAT	A,AAT	10,2,3	0.148,0.232
chr4	1238625	MNP	AT	TT,GG	34,5,2	0.122,0.049
chr4	1261313	INDEL	A	ACAAC	16,2	0.111
chr4	1261754	SNP	C	T	37,3	0.098
chr4	1267242	SNP	G	A	19,3	0.136
chr4	1295129	INDEL	TG	T	18,3	0.200
chr4	1304506	SNP	C	T	21,3	0.125
chr4	1312940	SNP	T	A	14,4	0.250
chr4	1320615	INDEL	CATAT	C	19,3	0.215
chr4	1346722	SNP	G	T	19,2	0.111
chr4	1360188	SNP	T	A	36,3	0.080
chr4	1374632	INDEL	C	CAAAGAGAGAGACAGCGAT	18,2	0.100
chr4	1376750	INDEL	A	AATTTACTCAT	10,3	0.249
chr4	1384698	SNP	G	A	26,3	0.141
chr4	1386998	SNP	C	A	27,3	0.153
chr4	1388584	SNP	G	A	42,3	0.081
chr4	1413503	SNP	A	G	28,3	0.124
chr4	1413696	SNP	G	C	35,3	0.103
chr4	1415873	INDEL	A	ACCC	15,2	0.155
chr4	1415874	INDEL	A	ATATTATAAGGATC	15,2	0.137
chr4	1416715	MNP	GG	AT	27,3	0.100
chr4	1422387	MNP	AT	CA	33,4	0.108
chr4	1422571	SNP	T	C	25,3	0.107
chr4	1467442	MNP	TT	AA	40,3	0.080
chr4	1468694	SNP	T	G	16,2	0.111
chr4	1468969	SNP	A	T	19,3	0.171
chr4	1478831	INDEL	A	ATCTTCCAAATT	21,3	0.125
chr4	1479628	INDEL	T	TCTC	19,2	0.114
chr4	1479762	SNP	G	T	24,3	0.115
chr4	1484480	SNP	G	A	19,2	0.112
chr4	1502565	INDEL	AGAAGTCTCAACAGCAGAGGAAGTCTCAACAGCAGAG	A	3,7	0.646
chr4	1504253	INDEL	AAAATAATCTTTCTCCATTGGCTACCAAATAATCTTTCTTCATTGACTACC	A	0,7	0.698
chr4	1518517	SNP	C	A	22,3	0.161
chr4	1522087	SNP	T	C	0,2	1.000
chr4	1522101	SNP	G	C	0,2	1.000
chr4	1522703	SNP	T	A	21,22	0.511
chr4	1522726	SNP	A	G	27,20	0.429
chr5	1977	SNP	A	G	31,3	0.111
chr5	2436	SNP	G	A	14,3	0.211
chr5	4444	SNP	T	C	10,2	0.167
chr5	5383	SNP	G	C	24,4	0.155
chr5	5555	SNP	G	A	3,2	0.417
chr5	27484	MNP	CG	GA	17,2	0.121
chr5	27678	SNP	C	G	10,2	0.214
chr5	40727	INDEL	T	TTTAC	14,2	0.163
chr5	42737	SNP	A	G	67,3	0.088
chr5	56555	SNP	T	G	14,2	0.165
chr5	59355	SNP	G	T	30,4	0.129
chr5	64710	SNP	T	A	29,6	0.205
chr5	77294	SNP	G	C	38,3	0.118
chr5	80663	INDEL	G	GTTATATTT	21,3	0.152
chr5	81355	INDEL	C	CCGACTGAGATTGTAGT	35,3	0.089
chr5	83908	SNP	C	T	12,4	0.265
chr5	86483	INDEL	CAAAAAAAAAA	C	10,11	0.509
chr5	86510	SNP	G	T	35,3	0.100
chr5	90157	INDEL	G	GAA	27,3	0.125
chr5	91043	SNP	A	C	13,3	0.206
chr5	96473	SNP	T	A	15,3	0.167
chr5	103659	SNP	A	G	28,3	0.097
chr5	109214	SNP	T	A	32,3	0.086
chr5	117517	INDEL	CATATATAT	C	0,13	0.965
chr5	131310	SNP	G	T	49,3	0.066
chr5	131498	INDEL	C	CACACATATATAT	2,12	0.733
chr5	131571	SNP	T	G	13,3	0.194
chr5	147016	SNP	A	T	50,4	0.097
chr5	155949	INDEL	G	GGATGAA	0,30	0.743
chr5	157922	INDEL	CA	C	1,12	0.741
chr5	161820	SNP	A	C	33,3	0.095
chr5	168293	SNP	T	G	21,3	0.140
chr5	169707	SNP	C	T	90,3	0.102
chr5	186264	SNP	G	T	42,3	0.076
chr5	188259	SNP	A	T	37,5	0.156
chr5	189882	SNP	A	T	20,3	0.131
chr5	209160	SNP	G	T	22,3	0.120
chr5	211831	SNP	C	A	49,3	0.066
chr5	213431	SNP	G	A	18,3	0.143
chr5	226974	INDEL	T	TAA	19,2	0.114
chr5	233993	SNP	C	A	33,3	0.111
chr5	238460	SNP	C	T	18,2	0.134
chr5	239271	SNP	G	A	45,3	0.104
chr5	241683	SNP	T	C	25,3	0.124
chr5	260360	INDEL	C	CA	4,11	0.612
chr5	266610	SNP	T	A	36,4	0.126
chr5	266611	SNP	C	A	38,3	0.093
chr5	267231	INDEL	GAA	G,GAAA	13,3,3	0.124,0.293
chr5	283279	INDEL	AATAT	A,AAT	9,2,3	0.240,0.298
chr5	285473	SNP	T	A	18,3	0.143
chr5	292005	SNP	G	A	25,3	0.145
chr5	295093	SNP	T	A	17,3	0.150
chr5	300184	SNP	G	C	15,2	0.167
chr5	315422	SNP	G	A	22,3	0.148
chr5	317320	SNP	C	A	19,3	0.152
chr5	320001	INDEL	A	ATG	29,3	0.117
chr5	324971	SNP	C	A	34,3	0.081
chr5	337912	INDEL	G	GCATTAAAGAACAAATAATTAGA	18,3	0.143
chr5	352892	INDEL	TG	T	20,3	0.131
chr5	355763	SNP	C	T	57,3	0.086
chr5	360830	INDEL	AATAGG	A	32,3	0.097
chr5	365919	SNP	G	C	29,4	0.162
chr5	372031	SNP	T	A	39,3	0.125
chr5	376381	SNP	C	T	31,4	0.135
chr5	388614	INDEL	C	CTGCACTAA	14,3	0.176
chr5	393111	SNP	G	T	17,3	0.171
chr5	394096	INDEL	CAA	C,CAAAA	21,5,3	0.171,0.195
chr5	414323	SNP	A	G	24,3	0.115
chr5	426028	SNP	A	G	18,3	0.143
chr5	433326	INDEL	A	AATAATAATAGTGT	16,2	0.131
chr5	454346	SNP	C	A	31,4	0.145
chr5	467916	SNP	C	A	49,3	0.091
chr5	481728	SNP	G	A	41,3	0.080
chr5	497097	SNP	G	A	34,3	0.081
chr5	497207	SNP	A	T	36,3	0.088
chr5	498364	SNP	C	T	66,3	0.050
chr5	503870	INDEL	T	TCTTG	50,3	0.057
chr5	520441	MNP	GG	AT	16,2	0.111
chr5	534423	SNP	G	A	39,3	0.082
chr5	541945	SNP	G	A	80,3	0.063
chr5	544080	INDEL	AG	A	4,7	0.566
chr5	545260	SNP	T	A	46,3	0.094
chr5	552653	SNP	G	T	36,3	0.098
chr5	558842	SNP	C	T	47,4	0.096
chr5	566799	SNP	C	T	21,3	0.154
chr6	986	SNP	C	A	148,6	0.040
chr6	4507	INDEL	G	GTT	135,4	0.042
chr6	5324	SNP	T	G	89,4	0.088
chr6	6576	SNP	A	G	38,3	0.102
chr6	30718	SNP	G	A	46,4	0.104
chr6	32392	INDEL	TA	T	37,3	0.085
chr6	37113	SNP	G	A	32,3	0.097
chr6	42055	SNP	A	G	20,3	0.131
chr6	58491	INDEL	TTC	T	15,2	0.159
chr6	76202	SNP	T	C	71,4	0.092
chr6	77944	SNP	C	T	21,3	0.125
chr6	78515	SNP	C	T	26,3	0.104
chr6	90646	MIXED	A	T,ATAGTATATTGTAAGAAATTTTTTTTTCTAGGGAATATGCGTTTTGATGTAGT	15,2,2	0.110,0.109
chr6	94323	SNP	G	T	32,3	0.118
chr6	102882	SNP	T	C	26,3	0.104
chr6	114052	SNP	T	C	20,3	0.131
chr6	116757	SNP	A	G	35,4	0.123
chr6	119316	SNP	A	T	38,3	0.073
chr6	134303	SNP	C	T	22,3	0.161
chr6	135631	SNP	G	T	27,3	0.113
chr6	210340	INDEL	T	TTGTG	4,12	0.517
chr6	212028	SNP	A	T	62,3	0.073
chr6	212794	INDEL	T	TCATCATATTCAACATATCTCAATATATCTA	8,2	0.224
chr6	229452	SNP	G	A	29,3	0.129
chr7	11386	SNP	T	A	53,4	0.070
chr7	18161	INDEL	C	CACGACGACGACGACG	0,16	0.843
chr7	25353	SNP	A	C	23,3	0.115
chr7	27915	SNP	A	G	29,4	0.153
chr7	39917	SNP	G	A	23,3	0.162
chr7	44263	INDEL	T	TCACAA	13,2	0.154
chr7	49229	INDEL	G	GTT	19,2	0.095
chr7	50579	SNP	T	C	29,3	0.118
chr7	51468	SNP	C	A	24,3	0.115
chr7	54330	SNP	T	C	11,2	0.154
chr7	54439	SNP	A	G	21,3	0.125
chr7	60017	SNP	A	C	61,3	0.056
chr7	70174	INDEL	A	AGT	18,2	0.136
chr7	71865	SNP	G	A	31,3	0.088
chr7	73912	INDEL	AGAATACC	A	16,2	0.111
chr7	75113	INDEL	G	GAAAAAAAAAA	0,10	0.607
chr7	76408	SNP	C	T	12,3	0.219
chr7	77896	SNP	T	G	32,3	0.137
chr7	79144	SNP	G	A	36,3	0.077
chr7	79273	MIXED	C	CTTTTT,A	1,19,4	0.587,0.150
chr7	82903	SNP	A	G	28,3	0.100
chr7	84601	INDEL	C	CTTCTGCTTTTTTCCTCTT	16,2	0.111
chr7	85811	SNP	G	A	69,3	0.072
chr7	94440	SNP	T	C	18,2	0.100
chr7	124013	SNP	A	C	24,4	0.143
chr7	124096	SNP	T	C	30,3	0.103
chr7	136245	INDEL	AACT	A	23,3	0.115
chr7	137842	SNP	C	T	43,4	0.096
chr7	143164	SNP	T	C	24,3	0.124
chr7	147190	SNP	G	A	33,3	0.084
chr7	151316	SNP	G	T	42,3	0.102
chr7	154849	SNP	G	A	21,3	0.179
chr7	158188	SNP	A	G	31,3	0.103
chr7	161003	SNP	G	T	31,3	0.122
chr7	162066	INDEL	CAAA	C,CA	11,3,16	0.124,0.499
chr7	173860	SNP	T	A	33,3	0.154
chr7	200559	SNP	T	A	67,3	0.075
chr7	219573	SNP	T	A	21,3	0.178
chr7	224313	SNP	C	G	22,3	0.152
chr7	228344	INDEL	G	GTAATGTAGTTTTTA	8,2	0.219
chr7	229575	SNP	A	C	15,2	0.158
chr7	238361	SNP	T	C	19,3	0.157
chr7	240137	SNP	G	A	87,4	0.064
chr7	246475	SNP	A	G	7,2	0.273
chr7	264692	INDEL	A	ATGTGTG,ATGTGTGTG	0,2,27	0.196,0.653
chr7	269072	INDEL	C	CTATATA,CTATATATA	0,3,6	0.331,0.571
chr7	279031	SNP	A	T	31,4	0.135
chr7	301557	INDEL	TATATATATATATGTAC	T	3,2	0.418
chr7	307512	SNP	G	C	32,3	0.086
chr7	308312	INDEL	A	AGAAGGACGAGACTAAAGGGACAG	13,2	0.172
chr7	309063	SNP	T	A	48,3	0.076
chr7	317369	SNP	G	A	10,2	0.175
chr7	333079	SNP	G	T	27,4	0.129
chr7	346177	SNP	G	T	24,3	0.138
chr7	348911	INDEL	T	TCCCCATCTCCCTATCTTCATC	12,3	0.196
chr7	354896	INDEL	A	ACAGAACCATCGACAAATTTGACCGAACTACTAC	18,2	0.118
chr7	370106	INDEL	GTA	G	18,2	0.100
chr7	370345	SNP	C	A	25,3	0.121
chr7	389869	SNP	G	A	11,2	0.179
chr7	392210	SNP	T	A	27,4	0.141
chr7	394905	INDEL	G	GT	1,12	0.643
chr7	402961	SNP	C	T	27,3	0.125
chr7	404612	SNP	C	A	12,2	0.143
chr7	407138	INDEL	CGCAAGA	C	13,3	0.188
chr7	407292	INDEL	A	ATGTT	9,2	0.182
chr7	420403	SNP	T	C	11,2	0.154
chr7	440658	SNP	C	T	15,3	0.184
chr7	450290	SNP	A	G	41,3	0.144
chr7	451062	INDEL	TA	T	22,3	0.120
chr7	451096	SNP	A	T	27,3	0.128
chr7	458021	SNP	C	A	17,3	0.155
chr7	462375	SNP	G	T	31,3	0.111
chr7	463307	SNP	G	T	33,3	0.095
chr7	487132	SNP	C	G	24,3	0.125
chr7	487570	INDEL	C	CTAA	34,3	0.109
chr7	510716	SNP	G	A	18,3	0.158
chr7	518105	SNP	C	A	68,6	0.126
chr7	527385	SNP	A	G	42,3	0.102
chr7	530223	SNP	A	T	14,5	0.280
chr7	544952	SNP	C	T	21,3	0.125
chr7	591344	SNP	C	A	17,3	0.150
chr7	591542	SNP	T	C	24,3	0.111
chr7	597784	SNP	G	C	32,3	0.119
chr7	600468	SNP	C	A	27,3	0.104
chr7	604603	SNP	C	T	47,5	0.148
chr7	619213	SNP	A	G	32,3	0.128
chr7	670854	SNP	G	T	23,3	0.137
chr7	695362	SNP	A	G	11,2	0.154
chr7	699157	SNP	C	A	20,3	0.135
chr7	702317	INDEL	C	CCCTTAACCTTTTTGATGAATTTACGCTTCTTATTTTTTGGTTTAGAACCT	4,2	0.351
chr7	706467	INDEL	A	ATTGGTTT	43,3	0.065
chr7	729717	SNP	C	T	30,3	0.125
chr7	734315	SNP	C	T	31,3	0.124
chr7	737912	SNP	T	C	43,3	0.084
chr7	741779	SNP	C	A	15,3	0.167
chr7	751354	INDEL	G	GTC	16,4	0.181
chr7	774517	SNP	T	C	15,3	0.167
chr7	790331	SNP	G	A	22,3	0.120
chr7	792690	SNP	C	T	0,20	1.000
chr7	795883	SNP	T	A	23,3	0.143
chr7	805984	SNP	T	C	6,2	0.250
chr7	836533	INDEL	A	AAATCAGG	33,3	0.083
chr7	853831	INDEL	A	ACACCACACCCACACCC	25,3	0.107
chr7	859193	SNP	C	A	43,3	0.075
chr7	863126	MNP	GT	TG	26,3	0.103
chr7	866971	SNP	T	C	20,5	0.232
chr7	872620	SNP	G	A	20,3	0.131
chr7	873455	INDEL	TGAAA	T	29,3	0.106
chr7	879344	INDEL	GGC	G	19,2	0.095
chr7	914339	SNP	C	T	34,4	0.145
chr7	946192	SNP	T	A	90,3	0.044
chr7	949844	SNP	A	T	16,3	0.158
chr7	953947	INDEL	C	CAG	16,4	0.200
chr7	958127	SNP	C	G	16,2	0.130
chr7	1003705	SNP	G	A	0,17	0.994
chr7	1007867	SNP	T	C	53,3	0.054
chr7	1008438	SNP	C	A	54,3	0.097
chr7	1009904	SNP	T	C	26,3	0.129
chr7	1012847	INDEL	A	ACATAACCACTTTCCCC	18,2	0.118
chr7	1017902	SNP	A	G	21,3	0.125
chr7	1039956	SNP	G	A	28,4	0.181
chr7	1040462	INDEL	CATATATAT	C	0,7	0.772
chr7	1040656	INDEL	T	TCCTC	18,2	0.119
chr7	1046907	SNP	C	A	37,6	0.212
chr7	1078851	SNP	G	C	61,3	0.074
chr7	1078863	SNP	T	C	65,3	0.071
chr8	13459	INDEL	G	GCCGCCACAGAA	31,3	0.110
chr8	22163	SNP	G	T	27,3	0.125
chr8	29645	SNP	G	C	35,3	0.100
chr8	40143	SNP	A	T	19,2	0.126
chr8	52441	SNP	C	T	23,4	0.197
chr8	55208	SNP	T	A	30,3	0.091
chr8	57034	SNP	A	T	35,3	0.112
chr8	66737	SNP	A	T	24,3	0.138
chr8	71454	INDEL	A	AAT	0,7	0.787
chr8	74524	SNP	T	G	36,3	0.082
chr8	94789	SNP	C	G	18,3	0.143
chr8	120965	SNP	C	A	20,3	0.150
chr8	127684	SNP	C	A	67,4	0.084
chr8	134556	SNP	T	C	11,2	0.179
chr8	151572	INDEL	T	TCTTAACATTGTAC	51,3	0.071
chr8	153231	SNP	T	A	45,4	0.106
chr8	154367	SNP	C	A	14,3	0.177
chr8	157423	SNP	G	A	17,5	0.239
chr8	165013	SNP	T	C	22,3	0.120
chr8	166095	INDEL	T	TA	5,12	0.589
chr8	168393	SNP	T	A	23,3	0.143
chr8	169866	INDEL	C	CGTTTCGCTTAATTTATCACTGTATTGAAGTGTTAATTGATAAACATATCTCTGTTTATTCA	16,2	0.111
chr8	174447	SNP	G	T	13,3	0.206
chr8	181255	SNP	G	A	25,3	0.194
chr8	189031	SNP	A	T	20,4	0.192
chr8	227898	SNP	C	A	29,3	0.097
chr8	229776	SNP	C	A	29,3	0.094
chr8	239852	SNP	T	G	30,4	0.196
chr8	245166	SNP	T	C	9,2	0.250
chr8	245167	INDEL	G	GT	9,2	0.250
chr8	252924	SNP	C	T	31,3	0.088
chr8	264090	INDEL	T	TG	18,2	0.148
chr8	270682	INDEL	CGTGAATGAAAGG	C	29,3	0.107
chr8	320009	INDEL	CTG	C	18,2	0.137
chr8	320899	INDEL	C	CAAAACG	22,3	0.148
chr8	328565	INDEL	A	AT	23,3	0.143
chr8	348771	SNP	A	G	46,3	0.062
chr8	355340	SNP	C	T	17,3	0.208
chr8	363896	INDEL	G	GC	17,2	0.105
chr8	371317	INDEL	C	CTGCTG	14,2	0.166
chr8	373716	SNP	G	A	42,4	0.122
chr8	402670	INDEL	A	ACCCT	17,3	0.150
chr8	402671	INDEL	A	AGTTTTCACTACAATAAATGAAAGCTTCGCGAATAATACCTACAGCCCTTTC	17,3	0.163
chr8	439128	SNP	T	C	26,3	0.165
chr8	461447	SNP	A	G	30,3	0.114
chr8	466503	SNP	G	T	19,3	0.152
chr8	468800	SNP	G	T	28,3	0.179
chr8	471379	SNP	A	C	19,3	0.152
chr8	494378	SNP	G	C	14,2	0.125
chr8	494385	SNP	C	A	13,2	0.133
chr8	495860	SNP	T	A	19,3	0.165
chr8	501095	SNP	T	C	46,4	0.104
chr8	505935	SNP	A	T	16,3	0.158
chr8	507692	INDEL	GAA	G,GAAA	9,2,4	0.203,0.304
chr8	545244	INDEL	CTTTTTTTTTTTTTTTTTT	C	11,2	0.254
chr8	552037	INDEL	GTA	G	156,4	0.038
chr8	556085	SNP	T	G	45,5	0.100
chr8	556153	SNP	G	A	44,3	0.066
chr8	557967	SNP	T	G	82,23	0.227
chr9	7352	SNP	G	A	0,3	0.750
chr9	29540	SNP	G	C	25,3	0.133
chr9	31446	SNP	T	A	29,3	0.149
chr9	37293	SNP	G	A	34,3	0.084
chr9	41131	SNP	A	T	26,4	0.133
chr9	41755	SNP	G	T	20,3	0.226
chr9	45522	SNP	C	T	49,3	0.082
chr9	46226	INDEL	GA	G	17,3	0.167
chr9	52974	INDEL	C	CA	3,15	0.672
chr9	58773	SNP	G	A	29,3	0.104
chr9	59823	SNP	T	C	51,3	0.107
chr9	66087	SNP	C	G	27,3	0.113
chr9	98078	SNP	A	T	38,3	0.130
chr9	101043	INDEL	C	CAATAAT	1,32	0.776
chr9	102119	SNP	C	A	17,3	0.150
chr9	104958	INDEL	G	GTCATCTTCCC	17,2	0.157
chr9	105498	MNP	TT	CC	48,3	0.067
chr9	116614	SNP	A	C	45,3	0.111
chr9	117286	SNP	G	A	30,3	0.139
chr9	138039	INDEL	A	ATTT	0,16	0.775
chr9	138782	SNP	C	T	26,3	0.104
chr9	139782	INDEL	TTATATATATATA	T	0,15	0.918
chr9	165134	INDEL	C	CTGCTGCTGTTGT	51,6	0.238
chr9	165498	SNP	G	A	26,3	0.117
chr9	212120	SNP	C	A	16,4	0.200
chr9	212330	INDEL	T	TACAATACGGCGTTTTCTTTTTGTTCGACGCTA	15,4	0.223
chr9	228122	INDEL	A	ATAACCTTCTTAGTTGTGTTCTCAGGCCCATTTTGGTTTACCGTAGTT	13,2	0.152
chr9	235778	INDEL	G	GA	0,7	0.712
chr9	262615	MIXED	TA	T,AA	65,10,2	0.199,0.037
chr9	265353	SNP	C	A	28,3	0.097
chr9	280536	SNP	T	C	24,3	0.125
chr9	282341	SNP	T	A	18,2	0.105
chr9	318835	SNP	G	T	21,3	0.158
chr9	329130	INDEL	G	GCCTCTTCTGCAAAGGCCT	0,15	0.890
chr9	334360	SNP	G	A	27,3	0.147
chr9	343758	SNP	G	A	29,3	0.106
chr9	344771	INDEL	G	GTATATATGTATATATA	0,29	0.970
chr9	357555	SNP	G	A	34,3	0.095
chr9	362545	SNP	C	G	43,3	0.083
chr9	364923	INDEL	AT	A	3,9	0.681
chr9	366707	INDEL	C	CACCCA	14,2	0.125
chr9	367756	INDEL	C	CATAT,CATATAT	0,2,14	0.175,0.745
chr9	368249	SNP	C	A	17,3	0.196
chr9	376235	INDEL	T	TTCTTGTTATTGTTAGGGGGGATGCCTTGGGAACTATAAGA	15,2	0.118
chr9	377767	SNP	T	C	9,2	0.182
chr9	380353	INDEL	A	ATTTTT	3,5	0.534
chr9	389191	INDEL	C	CTCTTGCGACATTT	3,20	0.825
chr9	393416	SNP	A	C	23,3	0.133
chr9	398978	SNP	C	A	33,3	0.097
chr9	399885	SNP	A	G	16,3	0.158
chr9	408879	SNP	T	A	24,3	0.150
chr9	413126	SNP	G	A	28,3	0.103
chr9	422843	MIXED	C	A,CAGGAATTTCCGGATTATGTATCATTGCAGACTCCAAA	33,4,3	0.101,0.081
chr10	9276	SNP	T	C	0,2	1.000
chr10	9295	SNP	T	C	0,2	1.000
chr10	15398	INDEL	A	AGACAAATTTCTGCGAACACAAGC	0,9	0.716
chr10	22565	INDEL	C	CTTATT	3,28	0.867
chr10	39073	SNP	A	C	35,3	0.090
chr10	44008	SNP	A	G	49,4	0.077
chr10	49401	SNP	T	A	41,3	0.098
chr10	50899	INDEL	C	CAAT	20,3	0.159
chr10	54818	SNP	C	G	12,3	0.235
chr10	57274	INDEL	A	AGTAATCCCAT	16,2	0.111
chr10	58239	SNP	G	A	64,3	0.053
chr10	71149	SNP	G	T	40,3	0.070
chr10	92137	INDEL	GGTAT	G	15,2	0.139
chr10	95743	SNP	A	G	40,3	0.070
chr10	96559	INDEL	T	TATTGTTTC	21,3	0.140
chr10	104959	SNP	G	A	32,3	0.118
chr10	120489	SNP	T	A	21,3	0.167
chr10	121398	INDEL	T	TG	18,2	0.119
chr10	121400	SNP	A	T	18,2	0.119
chr10	124290	SNP	A	T	33,4	0.108
chr10	127065	SNP	A	T	24,3	0.115
chr10	131023	SNP	A	G	26,3	0.152
chr10	132529	SNP	C	A	35,3	0.100
chr10	137394	INDEL	A	ATCTTTCGTTTACCTGCGTGGATTACAAGGGCTACACAGCCTTCTAAGGAAACTTCTAAAC	19,3	0.148
chr10	138234	SNP	C	A	37,3	0.095
chr10	149378	INDEL	G	GCAGCCC	17,2	0.105
chr10	149379	INDEL	T	TACAAGTGGTAAAGAAGTTGAGTATTGAAGATTCCCCAACGTC	17,2	0.105
chr10	153419	SNP	G	A	29,3	0.094
chr10	173836	SNP	A	G	34,3	0.148
chr10	178016	SNP	T	G	15,3	0.167
chr10	186850	INDEL	G	GTTACGTCAAT	16,2	0.128
chr10	187986	INDEL	G	GGT	10,2	0.192
chr10	218521	SNP	C	T	32,3	0.097
chr10	219758	SNP	T	A	16,3	0.175
chr10	221630	INDEL	G	GTACCTGGACTAAATCTTTGCAT	44,3	0.079
chr10	276176	SNP	T	C	17,2	0.124
chr10	280852	SNP	G	A	16,3	0.158
chr10	285784	SNP	G	A	59,3	0.053
chr10	289362	SNP	G	A	24,3	0.111
chr10	293180	INDEL	C	CCCGA	16,3	0.190
chr10	302297	SNP	T	C	11,3	0.208
chr10	310668	SNP	C	T	15,3	0.167
chr10	314441	INDEL	A	AGTAATATTTTCGGGAAAAC	18,2	0.117
chr10	321550	INDEL	TTCA	T	18,2	0.181
chr10	339623	SNP	C	G	40,3	0.072
chr10	348162	SNP	T	G	45,3	0.070
chr10	348170	SNP	T	G	44,3	0.071
chr10	348997	SNP	C	A	22,3	0.124
chr10	358575	INDEL	TC	T	27,4	0.149
chr10	370601	SNP	T	C	50,3	0.091
chr10	378293	SNP	G	T	16,3	0.163
chr10	382428	SNP	G	A	10,2	0.214
chr10	394810	SNP	C	G	63,3	0.061
chr10	395934	SNP	T	C	25,3	0.111
chr10	416881	SNP	C	A	31,4	0.138
chr10	424561	SNP	G	A	23,3	0.167
chr10	427460	MNP	AA	CT	18,2	0.153
chr10	451192	SNP	A	G	19,2	0.095
chr10	455761	SNP	G	A	52,4	0.081
chr10	456478	SNP	G	A	16,2	0.132
chr10	460054	SNP	C	T	28,3	0.103
chr10	465957	SNP	C	A	49,3	0.074
chr10	469055	SNP	A	C	6,3	0.335
chr10	469274	SNP	T	C	10,3	0.231
chr10	490689	INDEL	A	AATATATATATAT	0,10	0.994
chr10	534970	SNP	C	T	29,3	0.094
chr10	540323	SNP	C	A	20,3	0.135
chr10	544825	INDEL	C	CAAGATTTGAGAAATAAATTGTTTTTGAATGAAGTTTG	25,3	0.156
chr10	550459	SNP	T	A	29,4	0.133
chr10	551622	INDEL	A	ACTTCTTGACTC	11,2	0.177
chr10	564703	SNP	G	C	28,4	0.147
chr10	570001	INDEL	C	CGTCATGGGGGCCGGTGTTGAAGCAGGCGTGGCAATCTCCGTCGTCATCATCTTCTTG	19,2	0.095
chr10	570611	INDEL	A	AAT	0,7	0.849
chr10	570743	SNP	C	T	9,2	0.217
chr10	572297	SNP	T	A	16,2	0.111
chr10	577783	SNP	T	A	22,3	0.139
chr10	581398	SNP	A	G	28,3	0.121
chr10	588061	INDEL	A	ATTTGGTATTTTCGGTAAGTTTTG	13,2	0.153
chr10	588341	MNP	TA	AT	17,3	0.150
chr10	588345	INDEL	A	AACCACAGAGGGATAGAGTTCTTGCTCTTGGCGTTACATTGCATGATGAACCAATTG	17,3	0.150
chr10	588619	SNP	G	A	45,3	0.063
chr10	594198	SNP	A	G	17,2	0.159
chr10	598375	SNP	G	T	43,3	0.074
chr10	598377	MNP	GG	TT	43,3	0.083
chr10	604869	SNP	C	T	20,4	0.167
chr10	607329	INDEL	C	CATATCAAA	19,3	0.163
chr10	607330	INDEL	G	GGCATGTCCTGTTAACTATAGGAAA	19,3	0.186
chr10	613719	INDEL	TATCTAAAA	T	28,4	0.137
chr10	621582	SNP	G	A	29,3	0.132
chr10	633582	SNP	A	C	39,3	0.091
chr10	641997	INDEL	C	CTTGATTATTTGAACTATTT	10,2	0.167
chr10	656487	INDEL	T	TCC	16,2	0.111
chr10	656489	INDEL	TTTG	T	18,2	0.100
chr10	671338	INDEL	T	TCTCTGCCATTTTC	17,2	0.183
chr10	671340	MNP	AAA	TTC	17,2	0.105
chr10	675183	SNP	G	T	18,3	0.143
chr10	678612	SNP	A	G	27,5	0.177
chr10	681021	SNP	T	C	10,2	0.250
chr10	684965	INDEL	GA	G	19,2	0.095
chr10	693860	SNP	A	T	44,3	0.092
chr10	707528	SNP	G	T	32,3	0.097
chr10	715246	SNP	G	A	61,3	0.068
chr11	51	SNP	C	A	36,3	0.098
chr11	10994	SNP	C	A	23,3	0.115
chr11	14633	SNP	G	T	44,3	0.082
chr11	14959	SNP	G	C	22,4	0.154
chr11	16127	SNP	C	T	11,286	0.955
chr11	16136	SNP	A	T	14,287	0.950
chr11	21916	INDEL	CAAAAAAAA	C	26,9	0.370
chr11	29091	INDEL	A	AGTGAAAAAAAGATT	35,3	0.089
chr11	35967	SNP	C	A	29,3	0.129
chr11	36383	SNP	T	A	39,5	0.139
chr11	36391	SNP	T	A	33,7	0.202
chr11	36463	INDEL	C	CAT	1,8	0.655
chr11	36901	SNP	C	A	9,2	0.209
chr11	41565	SNP	A	T	18,3	0.143
chr11	42210	INDEL	C	CTTA	0,10	0.762
chr11	46075	SNP	T	G	28,3	0.121
chr11	64040	SNP	T	C	0,43	0.606
chr11	74010	INDEL	AC	A	22,3	0.120
chr11	75692	SNP	G	A	29,3	0.106
chr11	76203	SNP	G	A	55,3	0.067
chr11	76206	SNP	T	C	55,3	0.074
chr11	77413	SNP	T	A	19,3	0.136
chr11	82540	INDEL	AT	A	27,3	0.125
chr11	88511	SNP	T	G	28,3	0.097
chr11	111300	INDEL	A	ATAGT	35,3	0.079
chr11	111303	INDEL	G	GGAACTTTCGAAAGTATTATCA	35,3	0.089
chr11	116538	SNP	A	G	29,3	0.118
chr11	117556	SNP	C	G	11,2	0.201
chr11	117557	INDEL	TATAAG	T	11,2	0.201
chr11	129883	MNP	CT	AA	24,4	0.143
chr11	135395	INDEL	C	CTTTCTTTGTTCCTTCAGCCT	12,2	0.164
chr11	138265	SNP	G	T	18,3	0.174
chr11	140638	SNP	G	T	14,2	0.125
chr11	144914	INDEL	G	GATACAA	10,2	0.167
chr11	174551	SNP	A	T	16,3	0.158
chr11	185594	SNP	C	T	32,3	0.089
chr11	187889	SNP	T	C	27,3	0.125
chr11	189570	SNP	T	C	18,4	0.182
chr11	196220	SNP	G	A	51,3	0.071
chr11	214789	SNP	C	A	23,3	0.133
chr11	223028	SNP	A	T	32,3	0.170
chr11	229891	SNP	A	T	11,2	0.179
chr11	238786	SNP	C	G	43,3	0.084
chr11	240385	INDEL	ATT	A	49,3	0.058
chr11	244866	SNP	T	C	11,2	0.179
chr11	261077	SNP	C	T	28,3	0.109
chr11	276357	SNP	A	C	12,2	0.143
chr11	280080	SNP	T	C	39,4	0.120
chr11	282460	SNP	T	C	18,2	0.100
chr11	313763	SNP	A	T	31,4	0.125
chr11	317507	SNP	T	C	9,2	0.231
chr11	317529	SNP	T	C	11,2	0.154
chr11	323652	SNP	G	C	31,3	0.088
chr11	335401	MNP	TT	AA	26,3	0.103
chr11	350208	SNP	G	T	18,4	0.208
chr11	354357	INDEL	C	CAGA	15,2	0.118
chr11	354358	INDEL	C	CTCAGTTGTTGTCTCCCATAATACCTCAAA	15,2	0.118
chr11	357307	INDEL	T	TTGCCCAC	10,2	0.167
chr11	357485	SNP	A	G	11,2	0.162
chr11	371817	INDEL	C	CAA	13,2	0.155
chr11	374128	SNP	A	C	25,3	0.124
chr11	381517	SNP	C	T	111,4	0.069
chr11	385417	INDEL	G	GCTGATTGA	16,2	0.111
chr11	396195	INDEL	A	ACACTCTCCATGGTATCATCCACCATTTCACTTATAATCC	20,3	0.143
chr11	410456	INDEL	C	CTTG	17,2	0.123
chr11	436402	INDEL	C	CTTTTTATTT	17,2	0.149
chr11	443258	SNP	A	C	41,3	0.068
chr11	448756	SNP	G	T	16,5	0.250
chr11	450885	SNP	C	A	36,3	0.077
chr11	464372	SNP	C	A	46,3	0.095
chr11	469757	SNP	T	G	29,3	0.118
chr11	481731	MNP	AC	CT	15,2	0.118
chr11	486945	SNP	C	T	23,3	0.115
chr11	490347	SNP	G	A	39,4	0.130
chr11	493013	SNP	G	A	24,3	0.125
chr11	497807	SNP	T	G	32,3	0.111
chr11	503385	SNP	T	G	10,2	0.175
chr11	527841	INDEL	T	TCAA	9,2	0.229
chr11	528497	SNP	A	G	12,3	0.200
chr11	531631	INDEL	ATG	A	12,2	0.194
chr11	550151	SNP	T	G	19,2	0.114
chr11	550156	SNP	C	G	19,2	0.095
chr11	551078	SNP	C	T	30,3	0.103
chr11	578911	SNP	C	T	23,4	0.148
chr11	593428	SNP	G	T	6,2	0.318
chr11	601259	SNP	T	C	29,3	0.094
chr11	607985	SNP	T	G	66,3	0.063
chr11	612243	SNP	C	A	34,3	0.081
chr11	615559	SNP	A	C	18,2	0.119
chr11	621339	SNP	G	A	35,4	0.125
chr11	626466	MIXED	G	T,GT	22,7,3	0.230,0.169
chr11	633634	SNP	G	A	16,3	0.158
chr11	644438	SNP	C	T	30,3	0.091
chr11	657752	INDEL	C	CAAAA,CAAAAA	0,4,15	0.288,0.498
chr11	659223	SNP	T	A	82,6	0.078
chr11	661046	SNP	A	G	1,2	0.667
chr12	14557	INDEL	A	AT	3,11	0.650
chr12	19912	INDEL	C	CT	8,17	0.585
chr12	41589	INDEL	C	CTGGTTAGCTGCA	17,2	0.105
chr12	44557	INDEL	A	ATT	17,3	0.206
chr12	60135	INDEL	T	TTTCA	17,2	0.105
chr12	84942	SNP	C	A	20,3	0.146
chr12	86732	INDEL	TA	T	8,26	0.628
chr12	96430	SNP	C	A	8,2	0.200
chr12	101274	SNP	G	A	16,3	0.158
chr12	120692	SNP	A	T	18,3	0.143
chr12	122004	INDEL	GAAA	G	20,10	0.446
chr12	128283	SNP	A	G	23,3	0.115
chr12	129453	SNP	G	A	24,3	0.138
chr12	130096	INDEL	C	CTGTGACTGTGACTGGGGT	3,54	0.788
chr12	130138	SNP	C	T	59,4	0.144
chr12	140142	SNP	A	T	16,2	0.111
chr12	145525	SNP	G	C	29,4	0.132
chr12	175622	SNP	G	T	29,3	0.106
chr12	201020	SNP	G	A	16,3	0.205
chr12	203201	SNP	T	G	26,3	0.103
chr12	207429	SNP	T	A	27,3	0.100
chr12	207742	MNP	TG	AC	19,2	0.095
chr12	207922	INDEL	T	TAA	16,2	0.111
chr12	230906	SNP	C	T	35,3	0.110
chr12	232546	INDEL	A	AAG	10,2	0.205
chr12	233428	MNP	CC	GA	6,2	0.250
chr12	235812	SNP	A	T	40,3	0.080
chr12	241891	SNP	G	A	7,2	0.222
chr12	253237	INDEL	A	ATT	14,2	0.147
chr12	254375	SNP	T	C	22,3	0.120
chr12	260393	MNP	ATG	CCT	28,3	0.153
chr12	263255	SNP	C	A	50,3	0.057
chr12	272037	MNP	TC	AA	19,2	0.114
chr12	274161	INDEL	C	CTTCAGTTACA	17,2	0.124
chr12	280447	SNP	C	A	11,2	0.154
chr12	282480	INDEL	T	TCTGAA	31,4	0.114
chr12	282482	INDEL	C	CATCGACGTCTTCTACGCAAACGTCAACATCATCTT	30,5	0.132
chr12	287360	INDEL	A	AAACGATATCCTCGTCGCAGGCC	43,4	0.085
chr12	291968	INDEL	G	GA	5,6	0.535
chr12	296475	SNP	T	A	28,3	0.097
chr12	301984	SNP	G	A	47,3	0.077
chr12	324612	SNP	A	T	17,3	0.155
chr12	326838	MNP	TG	AA	11,2	0.200
chr12	326847	MNP	AA	TT	10,2	0.214
chr12	327662	INDEL	T	TGGGGGG	0,7	0.790
chr12	359204	SNP	G	T	39,4	0.090
chr12	371052	SNP	A	G	19,3	0.136
chr12	376116	SNP	G	C	27,3	0.116
chr12	377831	SNP	G	A	17,3	0.172
chr12	379281	SNP	C	A	40,3	0.098
chr12	387926	SNP	A	G	18,4	0.182
chr12	393922	SNP	T	A	35,3	0.166
chr12	394607	SNP	T	G	26,5	0.172
chr12	407223	SNP	G	T	22,3	0.148
chr12	410511	INDEL	A	AACGCGAC	30,3	0.091
chr12	413518	SNP	G	A	40,3	0.098
chr12	447340	SNP	T	A	15,2	0.118
chr12	447346	SNP	C	T	14,2	0.200
chr12	448833	SNP	T	A	1,3	0.652
chr12	505244	INDEL	T	TCGTAA	18,2	0.100
chr12	506478	SNP	G	T	28,3	0.121
chr12	543115	SNP	T	C	47,3	0.085
chr12	548415	SNP	G	C	22,4	0.154
chr12	549886	INDEL	ATC	A	17,3	0.196
chr12	549977	SNP	G	A	20,3	0.135
chr12	551554	SNP	T	G	25,3	0.107
chr12	554670	SNP	G	A	14,3	0.195
chr12	560788	SNP	C	G	10,2	0.167
chr12	574300	SNP	A	C	10,2	0.175
chr12	577900	SNP	C	T	31,3	0.153
chr12	585827	INDEL	GA	G	5,8	0.547
chr12	593063	SNP	G	A	46,3	0.079
chr12	593096	SNP	A	G	33,5	0.141
chr12	621240	SNP	C	T	26,3	0.141
chr12	630408	SNP	C	T	25,3	0.121
chr12	635285	MNP	AA	TC	18,2	0.136
chr12	636476	SNP	C	T	24,5	0.215
chr12	646160	SNP	G	T	27,3	0.158
chr12	659419	SNP	C	A	36,3	0.088
chr12	661565	SNP	C	T	14,2	0.147
chr12	661567	SNP	T	C	15,2	0.118
chr12	662215	SNP	C	T	6,2	0.250
chr12	669531	SNP	G	A	36,3	0.100
chr12	674114	SNP	C	T	8,2	0.200
chr12	678127	INDEL	C	CAA	25,3	0.121
chr12	679978	SNP	G	A	16,2	0.150
chr12	683415	INDEL	T	TGAGGCTACTGG	32,4	0.121
chr12	683419	INDEL	G	GAAGAAAGAGGAAAA	32,4	0.121
chr12	698038	INDEL	C	CA	28,3	0.175
chr12	700908	SNP	C	T	45,3	0.098
chr12	702670	SNP	T	C	24,3	0.111
chr12	708020	INDEL	TG	T	27,3	0.100
chr12	721750	INDEL	TG	T	22,4	0.179
chr12	725122	SNP	C	T	37,6	0.150
chr12	744239	SNP	A	G	50,3	0.116
chr12	745134	INDEL	A	AAATTTT	36,3	0.087
chr12	752463	SNP	G	T	19,2	0.112
chr12	754931	INDEL	A	ACGAAATG	19,2	0.113
chr12	766412	INDEL	TAAA	T	12,7	0.433
chr12	780313	SNP	T	A	25,3	0.134
chr12	786180	SNP	T	A	35,3	0.119
chr12	789028	INDEL	GAACCTGTGGAGGATTCCAACA	G	0,4	0.571
chr12	790125	INDEL	T	TTTCTTC	19,2	0.112
chr12	791709	SNP	A	C	22,3	0.161
chr12	791713	MNP	CG	AC	21,3	0.125
chr12	793667	SNP	T	C	11,2	0.154
chr12	806634	MNP	TC	AT	18,2	0.119
chr12	806637	SNP	A	T	18,2	0.100
chr12	827114	SNP	C	A	9,2	0.182
chr12	829156	SNP	C	G	15,2	0.118
chr12	829756	SNP	G	A	11,2	0.179
chr12	837434	INDEL	CAT	C	0,11	0.893
chr12	837881	SNP	T	A	47,4	0.109
chr12	837986	INDEL	T	TCTTTACTTCAGTTTTCTTTTTAAGCTCGTGCGC	32,3	0.106
chr12	837988	INDEL	T	TCTTTGCTCGCATG	32,3	0.115
chr12	848790	SNP	C	A	24,4	0.174
chr12	851164	SNP	T	C	21,4	0.200
chr12	851845	INDEL	T	TTTGAGG	17,2	0.139
chr12	877541	SNP	C	A	21,3	0.154
chr12	880001	SNP	T	C	14,2	0.142
chr12	880519	SNP	G	A	33,3	0.110
chr12	881867	INDEL	C	CAT	0,6	0.988
chr12	902504	SNP	T	A	40,3	0.089
chr12	910119	SNP	A	T	14,2	0.125
chr12	910121	SNP	A	G	14,2	0.125
chr12	917166	SNP	G	T	22,3	0.135
chr12	920420	SNP	T	G	20,3	0.130
chr12	920895	SNP	A	G	18,2	0.100
chr12	923083	SNP	A	T	21,3	0.144
chr12	924044	SNP	A	T	28,3	0.109
chr12	930604	SNP	A	C	34,3	0.122
chr12	950619	SNP	C	T	22,3	0.206
chr12	965235	INDEL	T	TTCTTTTCG	28,3	0.107
chr12	983300	SNP	C	G	35,3	0.110
chr12	983302	MNP	AAC	TGT	35,3	0.079
chr12	986868	SNP	T	A	27,3	0.113
chr12	989592	SNP	T	A	10,2	0.167
chr12	999134	INDEL	A	AC	92,4	0.064
chr12	999852	INDEL	TG	T	19,2	0.114
chr12	1000269	SNP	A	T	21,3	0.125
chr12	1005014	SNP	C	T	11,5	0.312
chr12	1010889	SNP	G	A	12,3	0.200
chr12	1017058	SNP	C	A	28,3	0.100
chr12	1019819	SNP	T	A	47,3	0.071
chr12	1028251	SNP	T	C	45,3	0.063
chr12	1030958	SNP	A	G	49,3	0.076
chr12	1032639	SNP	T	C	38,3	0.103
chr12	1060966	SNP	A	C	0,6	0.928
chr12	1061823	SNP	C	T	6,2	0.250
chr12	1062053	SNP	C	G	33,37	0.528
chr12	1063453	SNP	T	C	1,4	0.750
chr12	1064518	SNP	C	T	29,3	0.094
chr13	26440	INDEL	C	CTGCTTGCTTCTTGGACGTTT	70,3	0.041
chr13	26546	INDEL	TA	T	70,3	0.088
chr13	26548	SNP	A	T	68,3	0.095
chr13	29107	SNP	A	G	23,3	0.116
chr13	40832	INDEL	TTG	T	24,3	0.125
chr13	44148	SNP	G	T	31,3	0.091
chr13	85174	SNP	C	A	58,3	0.068
chr13	91228	SNP	C	T	20,2	0.136
chr13	102318	SNP	G	T	24,3	0.157
chr13	110966	INDEL	A	AAAACAATCAGGC	1,26	0.748
chr13	120205	SNP	C	T	19,3	0.204
chr13	137583	SNP	T	G	19,2	0.114
chr13	158394	INDEL	TAA	T	4,4	0.504
chr13	170779	SNP	G	T	44,3	0.110
chr13	179115	INDEL	A	AAC	12,2	0.166
chr13	190761	SNP	C	T	24,3	0.150
chr13	211519	SNP	G	T	27,3	0.142
chr13	231571	SNP	C	T	41,3	0.078
chr13	239446	INDEL	T	TAG	19,2	0.095
chr13	239447	INDEL	T	TATGTTACGGTGAATATTCTA	19,2	0.095
chr13	242000	INDEL	CTTCTCCTTGAG	C	18,2	0.169
chr13	248391	SNP	G	A	41,3	0.078
chr13	257940	SNP	T	G	55,3	0.108
chr13	258379	SNP	T	C	34,3	0.113
chr13	258461	SNP	T	A	30,3	0.103
chr13	264888	SNP	G	A	35,3	0.090
chr13	265464	SNP	G	A	25,3	0.107
chr13	269473	SNP	G	T	19,3	0.167
chr13	272764	SNP	C	T	30,3	0.135
chr13	289242	SNP	T	C	33,3	0.095
chr13	291249	INDEL	T	TAG	17,2	0.139
chr13	293023	SNP	T	C	34,3	0.125
chr13	294910	SNP	G	A	39,3	0.100
chr13	321128	SNP	T	A	26,3	0.107
chr13	321921	SNP	C	T	32,3	0.086
chr13	330781	INDEL	A	ATGAAGCAAAAGGGGATGACCGTCTAGTTGTTCT	25,4	0.183
chr13	332482	SNP	C	A	32,3	0.086
chr13	344745	SNP	C	A	30,3	0.091
chr13	346892	SNP	G	T	29,4	0.153
chr13	351465	SNP	G	A	24,3	0.138
chr13	355077	MNP	TA	CC	17,2	0.105
chr13	362536	SNP	G	T	17,2	0.105
chr13	369090	SNP	T	A	14,3	0.182
chr13	387024	INDEL	A	ATTT	2,6	0.601
chr13	387038	SNP	T	C	22,3	0.206
chr13	387106	SNP	A	G	57,3	0.061
chr13	392255	SNP	T	A	26,3	0.117
chr13	393028	SNP	T	A	16,4	0.205
chr13	396130	SNP	G	T	23,3	0.115
chr13	396776	SNP	C	A	25,3	0.107
chr13	399971	SNP	T	A	23,3	0.116
chr13	416683	SNP	T	G	34,3	0.093
chr13	417960	INDEL	A	AAACCTACAATTTCCTC	9,2	0.182
chr13	445052	SNP	C	T	35,3	0.082
chr13	450140	SNP	G	A	14,3	0.171
chr13	458088	INDEL	AC	A	27,3	0.100
chr13	466330	SNP	C	A	20,4	0.188
chr13	469834	SNP	G	T	34,3	0.105
chr13	471247	INDEL	C	CTAACCTACCATTCGATTCAGAAAAATTCGCACTATCCAG	15,2	0.136
chr13	484599	INDEL	G	GGA	15,2	0.157
chr13	484771	SNP	A	T	26,3	0.130
chr13	493814	SNP	G	T	31,3	0.088
chr13	500039	INDEL	C	CT	26,3	0.103
chr13	506545	MIXED	T	G,TATTCCGA	13,2,2	0.130,0.129
chr13	528472	SNP	A	G	11,2	0.154
chr13	528883	INDEL	C	CGT	19,2	0.145
chr13	530929	SNP	G	T	7,2	0.250
chr13	538054	SNP	G	T	27,3	0.137
chr13	541327	INDEL	T	TAACAACAACAACAACAAC	2,29	0.639
chr13	546212	SNP	A	G	25,3	0.107
chr13	557756	MNP	GA	AT	19,2	0.095
chr13	561773	INDEL	AATATAT	A	0,9	0.910
chr13	566911	INDEL	T	TTAAGCTTCTCGAGAAAAACAAAAGAGTTAATAATAAAGTATA	15,2	0.118
chr13	576254	SNP	C	A	40,4	0.104
chr13	591270	SNP	C	T	9,2	0.208
chr13	592567	INDEL	T	TG	6,2	0.250
chr13	607497	SNP	G	A	45,3	0.072
chr13	609000	INDEL	GCAACAACAATGACTCTTACGGTTCCAACAACAATGACTCTTACGGTTC	G	47,4	0.167
chr13	612736	SNP	C	A	13,3	0.222
chr13	626264	INDEL	TCAA	T	13,2	0.177
chr13	637342	SNP	C	T	23,4	0.161
chr13	642096	SNP	T	G	19,2	0.095
chr13	645261	SNP	G	T	25,3	0.108
chr13	646599	INDEL	T	TA	12,2	0.167
chr13	646600	SNP	T	G	12,2	0.188
chr13	654806	INDEL	AATAT	A,AATATAT	19,2,4	0.122,0.211
chr13	661023	INDEL	TTTGCTAAA	T	16,2	0.111
chr13	687925	SNP	G	T	27,3	0.100
chr13	695789	SNP	C	A	20,3	0.130
chr13	701045	SNP	T	C	37,3	0.100
chr13	706915	SNP	G	C	32,3	0.086
chr13	707138	SNP	A	T	29,3	0.106
chr13	721171	INDEL	CA	C	15,4	0.192
chr13	735703	SNP	C	A	22,3	0.139
chr13	741292	SNP	C	T	49,3	0.090
chr13	741389	SNP	A	T	47,3	0.077
chr13	744351	SNP	G	T	13,3	0.219
chr13	745479	SNP	C	A	22,3	0.152
chr13	758456	INDEL	G	GCTTCTGTAGCTCTTCTAAACTAGATTCAGGATGTTTAGTGAACTTTTCAGCTTTGTC	19,2	0.112
chr13	758959	SNP	T	G	27,3	0.100
chr13	765381	SNP	G	C	22,3	0.120
chr13	769111	SNP	T	A	34,3	0.103
chr13	772563	SNP	T	C	41,4	0.092
chr13	778750	SNP	G	A	21,3	0.154
chr13	794384	SNP	C	A	19,4	0.174
chr13	804777	SNP	G	C	127,5	0.082
chr13	804933	MNP	GG	TC	113,3	0.034
chr13	859242	SNP	C	G	26,3	0.104
chr13	860317	SNP	A	G	17,3	0.220
chr13	865755	SNP	A	T	29,3	0.097
chr13	876071	SNP	A	G	34,4	0.116
chr13	891722	INDEL	C	CAATTATCCGAATGAA	23,3	0.141
chr13	899193	SNP	G	T	41,3	0.087
chr13	922107	SNP	A	C	43,3	0.100
chr13	922397	SNP	T	C	45,3	0.080
chr13	922416	SNP	C	A	44,3	0.064
chr13	924153	SNP	T	C	40,4	0.091
chr14	7233	SNP	T	A	110,3	0.035
chr14	29393	SNP	G	A	52,3	0.064
chr14	64531	SNP	T	C	61,3	0.081
chr14	70401	SNP	A	G	78,3	0.061
chr14	81416	SNP	A	G	33,4	0.138
chr14	90173	SNP	C	A	28,3	0.113
chr14	98387	SNP	T	C	50,3	0.091
chr14	102208	SNP	C	T	3,2	0.400
chr14	103267	INDEL	T	TTCTTTTCGTGGGTC	17,3	0.133
chr14	107119	INDEL	G	GAA	3,22	0.671
chr14	108105	SNP	T	C	30,3	0.091
chr14	108128	SNP	T	C	29,3	0.106
chr14	113753	SNP	G	T	28,4	0.125
chr14	118808	INDEL	GAAAA	G	0,18	0.891
chr14	124118	INDEL	C	CATGCTGTGTTCCCGGGA	15,2	0.137
chr14	125643	INDEL	T	TGTCGCCTATGTAC	31,3	0.088
chr14	127707	INDEL	T	TAAAAA	26,3	0.160
chr14	127848	INDEL	C	CACTTCTTTCCTGTTTGGGATTGCA	15,2	0.156
chr14	128199	SNP	A	G	9,2	0.267
chr14	129246	INDEL	A	ATATATGTATATATATATATCAT	0,52	0.831
chr14	135519	SNP	T	A	32,3	0.163
chr14	150903	SNP	C	T	17,4	0.251
chr14	173901	SNP	C	A	35,4	0.103
chr14	184836	SNP	G	C	23,3	0.130
chr14	189615	SNP	G	A	18,3	0.174
chr14	194025	SNP	C	A	15,2	0.118
chr14	202389	INDEL	C	CA	16,3	0.189
chr14	205827	INDEL	G	GTAACTGTAATCAATCCAATACGACGACCATATATATCACCGACTTTTGAC	15,2	0.118
chr14	234467	SNP	T	C	21,3	0.125
chr14	234470	SNP	T	C	23,3	0.115
chr14	263449	SNP	G	A	17,3	0.150
chr14	267026	SNP	A	T	38,3	0.096
chr14	286317	INDEL	A	AC	60,3	0.055
chr14	286324	SNP	T	A	66,3	0.056
chr14	301948	SNP	T	C	28,3	0.110
chr14	314437	MNP	TG	CC	19,2	0.095
chr14	314609	SNP	T	A	21,3	0.190
chr14	324039	SNP	T	C	26,3	0.103
chr14	330825	INDEL	G	GCTGCTGTAACCTTCCTACTGGTCCGGCCTATTGGCACTA	16,4	0.200
chr14	335689	INDEL	TGAC	T	21,4	0.232
chr14	335902	SNP	C	A	16,3	0.175
chr14	376664	SNP	T	A	29,3	0.106
chr14	384925	SNP	G	T	22,5	0.186
chr14	388294	INDEL	CAGAGCA	C	24,3	0.111
chr14	394298	SNP	C	T	26,4	0.158
chr14	400514	SNP	C	A	14,3	0.211
chr14	403016	SNP	A	G	27,4	0.141
chr14	406702	SNP	G	A	13,2	0.133
chr14	406739	INDEL	A	AAAGGTGCT	12,2	0.143
chr14	412216	INDEL	A	AGAC	18,2	0.152
chr14	416125	INDEL	A	ACTTTGATTTTACTTCAGAAAAAATAAGATATATGTTTC	12,2	0.143
chr14	416177	SNP	C	A	17,3	0.150
chr14	417046	SNP	C	G	24,5	0.183
chr14	418113	SNP	A	C	46,5	0.098
chr14	426174	INDEL	C	CTACGAGACCAG	14,3	0.206
chr14	428945	INDEL	C	CAAT	41,3	0.098
chr14	433459	SNP	A	C	20,3	0.160
chr14	447305	SNP	C	T	25,3	0.107
chr14	448608	SNP	C	T	21,3	0.140
chr14	457425	INDEL	A	AG	16,2	0.111
chr14	466974	INDEL	T	TTTTTGTTATGAATAAATAAAGAGAGTGAAACAGTCTTTATCAGTCAGTCACGCTAA	14,3	0.176
chr14	482070	SNP	A	G	6,2	0.278
chr14	490427	SNP	A	G	17,2	0.124
chr14	490434	SNP	A	C	17,2	0.105
chr14	517498	SNP	G	T	29,3	0.139
chr14	518640	SNP	C	T	51,3	0.097
chr14	523944	SNP	A	G	35,13	0.271
chr14	526580	SNP	A	G	72,3	0.083
chr14	532146	INDEL	TTA	T	31,3	0.120
chr14	544157	SNP	G	A	22,3	0.172
chr14	555685	SNP	C	T	48,3	0.059
chr14	555944	SNP	A	C	42,4	0.094
chr14	572393	INDEL	C	CCAGAAGAAAACGGTGGTAAGTACGAAGTTATGTGTAGACTAACTTGCTCGTTAAAA	18,3	0.157
chr14	574019	SNP	T	G	19,4	0.200
chr14	576879	SNP	C	A	13,3	0.212
chr14	589533	SNP	A	G	29,3	0.106
chr14	612683	SNP	G	T	24,3	0.111
chr14	623225	SNP	G	A	37,4	0.115
chr14	635642	SNP	G	A	46,7	0.158
chr14	702215	SNP	A	T	24,3	0.115
chr14	718088	SNP	T	C	25,3	0.107
chr14	719853	SNP	A	C	17,3	0.151
chr14	722286	SNP	T	C	28,3	0.121
chr14	723904	SNP	T	A,C	66,2,3	0.063,0.076
chr14	734198	SNP	G	A	25,3	0.145
chr14	759812	INDEL	AT	A	53,4	0.072
chr14	762067	SNP	G	A	37,3	0.085
chr14	765538	SNP	A	G	32,3	0.097
chr14	769438	SNP	G	A	22,3	0.135
chr14	772865	SNP	G	A	68,3	0.064
chr14	777067	SNP	T	C	31,3	0.088
chr15	3091	SNP	C	A	46,4	0.106
chr15	8263	SNP	C	T	43,3	0.065
chr15	22053	SNP	C	A	33,3	0.118
chr15	25298	SNP	C	T	20,6	0.231
chr15	29079	SNP	G	A	22,25	0.531
chr15	29144	SNP	A	G	20,13	0.394
chr15	33426	SNP	G	T	21,3	0.140
chr15	52551	SNP	C	A	12,2	0.143
chr15	53739	SNP	T	A	28,3	0.097
chr15	55088	SNP	A	T	27,5	0.159
chr15	62280	SNP	T	A	36,3	0.077
chr15	75351	SNP	C	A	17,3	0.150
chr15	76041	SNP	C	A	7,2	0.222
chr15	77937	SNP	A	C	30,3	0.114
chr15	83935	INDEL	C	CA	24,3	0.133
chr15	84555	SNP	T	C	14,4	0.222
chr15	93303	SNP	T	C	18,3	0.160
chr15	106081	SNP	C	A	19,3	0.180
chr15	129889	SNP	A	C	45,3	0.082
chr15	138644	SNP	A	T	25,3	0.124
chr15	144000	SNP	G	A	51,4	0.091
chr15	144598	SNP	G	C	24,3	0.145
chr15	147632	SNP	C	T	20,3	0.131
chr15	158077	SNP	T	A	23,3	0.155
chr15	161663	INDEL	AGT	A	12,2	0.167
chr15	165704	SNP	A	C	18,2	0.100
chr15	182431	SNP	C	T	50,3	0.108
chr15	187377	INDEL	G	GTTT	12,2	0.143
chr15	199054	SNP	A	G	9,3	0.250
chr15	206477	MNP	TA	AC	17,2	0.105
chr15	211493	INDEL	C	CCTA	18,2	0.100
chr15	225025	SNP	A	T	21,3	0.140
chr15	227480	SNP	G	A	39,3	0.091
chr15	231538	SNP	C	T	26,3	0.117
chr15	259159	INDEL	T	TGACCATGTGTGCCAAAA	19,3	0.165
chr15	270089	SNP	G	T	34,3	0.081
chr15	275336	INDEL	ACCAACCAGTAAACAGTTCATTAGAGTTTATCT	A	30,3	0.105
chr15	279076	SNP	G	T	33,3	0.133
chr15	280143	SNP	C	T	32,3	0.108
chr15	288530	SNP	T	C	22,4	0.154
chr15	294585	SNP	G	C	20,3	0.160
chr15	294634	SNP	A	T	23,3	0.123
chr15	321314	SNP	C	T	33,3	0.095
chr15	337506	SNP	A	T	59,3	0.107
chr15	338137	SNP	C	A	19,3	0.152
chr15	340944	INDEL	T	TTA	20,3	0.170
chr15	345385	SNP	C	T	58,3	0.083
chr15	353095	SNP	G	A	40,3	0.091
chr15	354095	INDEL	C	CCTA	18,2	0.100
chr15	362551	SNP	C	T	15,3	0.190
chr15	388337	SNP	C	A	64,3	0.060
chr15	388476	SNP	G	A	23,3	0.143
chr15	392108	SNP	G	A	34,4	0.130
chr15	405614	SNP	A	T	23,3	0.155
chr15	410377	SNP	G	A	35,3	0.093
chr15	410524	SNP	G	A	23,3	0.159
chr15	426616	SNP	C	T	27,3	0.159
chr15	429724	SNP	C	T	28,4	0.125
chr15	433932	SNP	G	C	19,2	0.095
chr15	433938	MNP	GTA	CAC	19,2	0.095
chr15	434490	SNP	C	G	29,3	0.106
chr15	445395	SNP	A	C	21,3	0.200
chr15	452625	INDEL	ATTC	A	16,2	0.182
chr15	461730	SNP	C	T	9,2	0.214
chr15	479480	INDEL	ACC	A	157,3	0.019
chr15	481918	SNP	T	C	30,3	0.135
chr15	488785	SNP	G	A	26,3	0.152
chr15	490647	SNP	A	T	27,3	0.125
chr15	500751	SNP	T	A	27,3	0.160
chr15	503648	SNP	T	G	18,3	0.159
chr15	509696	SNP	T	C	38,3	0.093
chr15	509781	INDEL	T	TATCTACATGTGAGTA	33,3	0.083
chr15	510564	SNP	A	T	30,3	0.103
chr15	513555	INDEL	A	AAG	16,2	0.131
chr15	517345	INDEL	C	CTCCTTGAAGCTTTCTTGTAACT	32,3	0.086
chr15	534507	SNP	G	A	56,3	0.074
chr15	534510	SNP	G	A	54,3	0.077
chr15	537655	INDEL	A	AAATAGTTAT	16,2	0.111
chr15	542952	INDEL	C	CCACGGCGCACGCA	24,3	0.124
chr15	542953	SNP	T	A	24,3	0.124
chr15	547655	SNP	T	C	16,3	0.195
chr15	548387	SNP	C	T	55,4	0.102
chr15	550473	SNP	A	G	32,3	0.111
chr15	562027	SNP	C	G	10,2	0.214
chr15	565954	INDEL	TC	T	27,3	0.100
chr15	592667	INDEL	C	CAGA	28,3	0.135
chr15	614573	INDEL	C	CTTCAACTCACTT	35,3	0.149
chr15	620375	SNP	C	A	16,2	0.150
chr15	626544	MNP	GC	TT	24,3	0.111
chr15	635163	SNP	G	A	34,3	0.105
chr15	639320	INDEL	A	ATTG	35,3	0.107
chr15	650826	SNP	G	T	35,4	0.103
chr15	664954	SNP	C	A,T	33,2,6	0.049,0.146
chr15	667012	INDEL	T	TTGAACAGAACGTACTTTTAGACACTTTGCAAAGGCC	12,2	0.164
chr15	671316	SNP	G	A	13,2	0.163
chr15	679960	SNP	A	G	16,3	0.163
chr15	696421	INDEL	T	TAAGCGTAGGTC	19,2	0.095
chr15	702248	INDEL	G	GTGGTTTA	13,2	0.133
chr15	709231	SNP	A	G	25,3	0.134
chr15	712239	MNP	TT	AA	36,3	0.105
chr15	717429	SNP	A	T	23,3	0.159
chr15	728595	SNP	T	A	20,3	0.150
chr15	733008	SNP	A	T	20,3	0.160
chr15	735928	SNP	A	G	34,3	0.095
chr15	737081	SNP	G	C	30,3	0.114
chr15	748303	SNP	A	C	39,3	0.091
chr15	754819	SNP	T	A	16,2	0.111
chr15	769562	SNP	C	A	12,2	0.188
chr15	773516	SNP	C	T	42,3	0.118
chr15	787636	SNP	C	A	18,2	0.100
chr15	787641	SNP	A	C	17,2	0.159
chr15	794013	SNP	T	A	40,4	0.089
chr15	796974	INDEL	C	CAACT	17,3	0.167
chr15	808464	MNP	CT	AA	19,2	0.095
chr15	810341	SNP	G	C	20,3	0.135
chr15	815992	SNP	T	A	43,3	0.077
chr15	833910	SNP	C	G	16,3	0.175
chr15	850854	SNP	A	T	49,4	0.089
chr15	863990	SNP	C	T	28,3	0.143
chr15	875962	INDEL	A	AGG	16,2	0.130
chr15	882822	SNP	G	T	35,3	0.079
chr15	882823	INDEL	C	CCATAACTTCTTCGATTGAACTCATATAA	35,3	0.079
chr15	889487	INDEL	G	GGT	17,2	0.105
chr15	889488	INDEL	C	CG	17,2	0.105
chr15	901981	INDEL	A	ACGCAAGGTAGTACCAAACTCAGGTCT	12,2	0.216
chr15	902113	SNP	A	C	13,2	0.133
chr15	904991	INDEL	CATCAATCCA	C	30,4	0.139
chr15	909066	INDEL	GTT	G,GT	4,3,13	0.206,0.556
chr15	915744	SNP	G	T	26,3	0.129
chr15	923116	INDEL	G	GAT	0,5	0.777
chr15	929351	SNP	G	A	29,3	0.106
chr15	931338	SNP	T	A	18,3	0.230
chr15	941227	SNP	C	A	19,3	0.152
chr15	955702	SNP	G	A	34,3	0.092
chr15	971162	SNP	T	C	10,2	0.192
chr15	981441	SNP	G	A	41,3	0.087
chr15	994054	SNP	C	A	26,3	0.129
chr15	1005797	INDEL	C	CTAGGTAGAATAATTACCATAAACAGAAAACAAATTCCATTATGTA	21,12	0.368
chr15	1009870	INDEL	A	ACTTTTCCTCTTTCTTCTTCCCAGTAGCCTC	17,3	0.150
chr15	1012944	SNP	C	A	30,3	0.114
chr15	1017905	SNP	T	G	32,3	0.086
chr15	1021290	SNP	G	T	40,4	0.109
chr15	1025454	SNP	G	T	38,3	0.100
chr15	1035446	SNP	G	T	58,3	0.072
chr15	1041877	INDEL	T	TTTGTCCTTAACCAAATTTTCCAGCCGCA	11,2	0.175
chr15	1054840	SNP	A	T	28,4	0.125
chr15	1054842	SNP	T	A	27,4	0.141
chr15	1076225	MNP	TG	AA	14,2	0.125
chr16	26430	SNP	T	C	27,3	0.100
chr16	35492	SNP	T	C	43,3	0.074
chr16	40572	INDEL	C	CATCGATGATTTCTTG	17,2	0.105
chr16	47836	INDEL	AC	A	20,3	0.173
chr16	49850	SNP	T	A	38,3	0.073
chr16	67219	INDEL	G	GCTTTACCCGGCTCC	12,2	0.185
chr16	81269	SNP	T	C	8,2	0.200
chr16	100784	INDEL	A	AGGTGCTTTTGGATCTATTT	16,2	0.131
chr16	100787	INDEL	A	ATCAAG	17,2	0.105
chr16	111703	SNP	T	C	38,3	0.083
chr16	112159	INDEL	G	GATC	18,2	0.100
chr16	115183	INDEL	TG	T	9,2	0.182
chr16	115198	SNP	G	A	10,2	0.192
chr16	116121	SNP	T	A	25,3	0.107
chr16	120311	SNP	T	G	26,3	0.103
chr16	120318	INDEL	C	CAAATTGTTCAACAGAGCCGCTATATTGAAAA	24,3	0.111
chr16	121475	INDEL	G	GTAAT	22,3	0.120
chr16	125662	MNP	AG	GA	27,3	0.100
chr16	128536	SNP	G	A,T	40,4,2	0.117,0.079
chr16	142639	SNP	G	T	10,2	0.192
chr16	171715	INDEL	G	GGATTGGAAACTGTTCATCAGGGCAGACAAGATCGACCTAGATTCTCAT	29,3	0.104
chr16	181186	INDEL	GTT	G	43,4	0.206
chr16	192372	SNP	G	A	10,3	0.231
chr16	210258	MNP	CA	TT	25,3	0.120
chr16	214842	INDEL	GGTA	G	11,5	0.322
chr16	216612	SNP	G	T	15,3	0.205
chr16	226578	SNP	A	C	19,3	0.136
chr16	238717	SNP	C	G	8,2	0.250
chr16	238722	SNP	A	T	11,2	0.154
chr16	247216	SNP	T	C	25,3	0.121
chr16	249139	SNP	C	A	13,2	0.133
chr16	249143	SNP	C	T	13,2	0.133
chr16	275759	SNP	G	T	51,3	0.088
chr16	276748	INDEL	TTGTA	T	95,3	0.062
chr16	278766	SNP	G	T	35,3	0.079
chr16	282696	SNP	C	T	22,3	0.139
chr16	284224	SNP	A	G	32,3	0.118
chr16	286433	SNP	C	T	31,3	0.167
chr16	299391	SNP	T	C	18,3	0.155
chr16	316552	SNP	G	T	26,3	0.104
chr16	320580	SNP	T	C	29,3	0.106
chr16	328701	SNP	C	T	37,5	0.144
chr16	347062	INDEL	AACCG	A	21,4	0.160
chr16	362605	SNP	T	G	30,3	0.091
chr16	388046	INDEL	A	ACCCTTATCACGATCATCTGTGTTCGGTGCCGATTCT	21,3	0.138
chr16	396040	SNP	C	T	30,3	0.091
chr16	400727	SNP	T	G	21,3	0.200
chr16	402690	SNP	T	G	22,3	0.139
chr16	404753	INDEL	G	GT	14,9	0.444
chr16	411904	INDEL	A	AG	18,3	0.159
chr16	411987	SNP	A	T	24,3	0.115
chr16	421152	SNP	A	C	33,3	0.083
chr16	426794	SNP	A	G	19,2	0.128
chr16	434406	SNP	A	G	23,3	0.130
chr16	452599	SNP	C	A	26,3	0.117
chr16	457872	SNP	G	A	13,4	0.246
chr16	462566	SNP	C	A	41,3	0.080
chr16	464842	INDEL	C	CCA	12,2	0.143
chr16	466668	INDEL	GCA	G	32,4	0.159
chr16	473029	SNP	T	A	23,3	0.130
chr16	507080	SNP	C	T	16,4	0.200
chr16	529546	SNP	C	A	37,3	0.095
chr16	535759	INDEL	TGA	T	18,3	0.174
chr16	558028	INDEL	ATT	A	40,3	0.152
chr16	558951	SNP	C	A	21,3	0.125
chr16	560584	SNP	G	A	43,7	0.167
chr16	569643	SNP	T	G	9,2	0.182
chr16	584136	INDEL	G	GC	31,3	0.088
chr16	586923	SNP	G	T	29,3	0.094
chr16	590518	SNP	G	A	22,4	0.179
chr16	599212	SNP	A	G	30,3	0.114
chr16	607443	SNP	T	A	28,5	0.175
chr16	620671	SNP	A	G	17,2	0.124
chr16	635781	SNP	C	T	12,3	0.219
chr16	663811	INDEL	A	AGGGTG	17,2	0.125
chr16	668211	MNP	TT	GA	26,3	0.140
chr16	680749	SNP	C	T	74,3	0.048
chr16	695621	SNP	A	G	17,3	0.150
chr16	708940	SNP	G	A	25,3	0.121
chr16	719417	SNP	A	G	19,3	0.137
chr16	733489	SNP	G	T	37,3	0.095
chr16	733980	SNP	C	T	20,3	0.131
chr16	742818	SNP	G	A	49,5	0.102
chr16	754363	SNP	C	T	9,2	0.209
chr16	755381	INDEL	TG	T	13,3	0.206
chr16	766696	INDEL	AT	A	19,2	0.114
chr16	774959	SNP	T	G	73,3	0.063
chr16	776270	SNP	T	C	35,3	0.102
chr16	804813	SNP	T	A	2,2	0.500
chr16	827525	SNP	A	T	60,4	0.075
chr16	829953	INDEL	T	TTA	9,2	0.228
chr16	837639	INDEL	ATT	A,ATTTT	16,2,3	0.120,0.211
chr16	857708	SNP	T	C	28,3	0.100
chr16	863454	SNP	G	T	37,3	0.095
chr16	872653	INDEL	A	AGTTT	12,2	0.166
chr16	880395	SNP	G	A	35,4	0.122
chr16	895840	SNP	A	C	25,3	0.107
chr16	945936	SNP	A	G	0,2	1.000
